tof(microsec),V,E
5,1.82749,1.80649
15,0.49935,0.50753
25,0.16893,0.17461
35,0.08538,0.0866
45,0.05123,0.04899
55,0.03379,0.03487
65,0.02793,0.02341
75,0.01939,0.01632
85,0.01586,0.01463
95,0.01598,0.01192
105,0.01232,0.0098
115,0.01183,0.0086
125,0.00988,0.00832
135,0.01025,0.00612
145,0.00866,0.00503
155,0.00817,0.00463
165,0.00683,0.00466
175,0.00805,0.00363
185,0.00524,0.00312
195,0.00561,0.0032
205,0.00537,0.0022
215,0.00415,0.00197
225,0.00561,0.00243
235,0.00403,0.00214
245,0.00451,0.00194
255,0.00293,0.00169
265,0.00451,0.00157
275,0.00366,0.00194
285,0.00439,0.00137
295,0.00354,0.00149
305,0.00329,0.00134
315,0.00439,9.15E-04
325,0.005,0.00189
335,0.0039,0.00194
345,0.00305,0.00129
355,0.00342,0.00166
365,0.0039,0.00126
375,0.00342,0.00111
385,0.00293,0.00131
395,0.00281,0.00157
405,0.00305,0.00166
415,0.00342,0.00149
425,0.00415,0.00151
435,0.00329,0.00123
445,0.00268,0.00146
455,0.00354,0.0012
465,0.0039,0.00143
475,0.00366,0.00137
485,0.00305,0.00146
495,0.00427,0.00146
505,0.00268,0.00129
515,0.00232,0.00169
525,0.00378,0.00109
535,0.00378,0.00146
545,0.00293,0.0016
555,0.0039,0.00234
565,0.00329,0.00254
575,0.00781,0.00389
585,0.00768,0.00543
595,0.01037,0.00703
605,0.0111,0.00849
615,0.01756,0.01026
625,0.01817,0.013
635,0.01805,0.01343
645,0.02183,0.01452
655,0.02476,0.01572
665,0.02964,0.01981
675,0.03354,0.02469
685,0.03866,0.02973
695,0.05196,0.03538
705,0.05562,0.0401
715,0.06196,0.0459
725,0.06977,0.05288
735,0.07233,0.05999
745,0.08818,0.06488
755,0.09989,0.07091
765,0.10465,0.07806
775,0.11624,0.08426
785,0.11587,0.08875
795,0.1188,0.08915
805,0.11868,0.09381
815,0.11978,0.09346
825,0.12039,0.09052
835,0.12307,0.09346
845,0.12221,0.08635
855,0.11148,0.08157
865,0.11075,0.07526
875,0.09453,0.06991
885,0.09453,0.06391
895,0.08038,0.06088
905,0.0766,0.05665
915,0.07952,0.05528
925,0.07806,0.05491
935,0.08123,0.05528
945,0.08953,0.05685
955,0.08757,0.06271
965,0.09489,0.06365
975,0.10892,0.06811
985,0.10368,0.07151
995,0.10843,0.07543
1005,0.11904,0.08223
1015,0.12917,0.08626
1025,0.13344,0.09478
1035,0.14112,0.09781
1045,0.15722,0.10275
1055,0.16564,0.10775
1065,0.17234,0.11433
1075,0.17295,0.11681
1085,0.17052,0.11921
1095,0.17954,0.12959
1105,0.18918,0.12853
1115,0.20125,0.13453
1125,0.19832,0.13722
1135,0.20198,0.14065
1145,0.21516,0.14645
1155,0.22711,0.15314
1165,0.23443,0.16529
1175,0.23906,0.17106
1185,0.24065,0.17455
1195,0.25004,0.18107
1205,0.25663,0.18667
1215,0.27504,0.1943
1225,0.2798,0.20342
1235,0.29053,0.20419
1245,0.29212,0.21765
1255,0.31383,0.22634
1265,0.31712,0.23371
1275,0.33469,0.24472
1285,0.34457,0.24749
1295,0.35347,0.2603
1305,0.36055,0.27156
1315,0.38055,0.27962
1325,0.40202,0.29185
1335,0.41665,0.30134
1345,0.42348,0.30777
1355,0.43019,0.3206
1365,0.44336,0.32358
1375,0.45702,0.33286
1385,0.47788,0.33675
1395,0.46788,0.34095
1405,0.48166,0.35216
1415,0.48825,0.3639
1425,0.4974,0.36362
1435,0.51264,0.37319
1445,0.5274,0.37951
1455,0.52179,0.3848
1465,0.54314,0.39146
1475,0.53801,0.39777
1485,0.55789,0.40715
1495,0.57521,0.40498
1505,0.5668,0.41655
1515,0.57717,0.4225
1525,0.59144,0.41855
1535,0.58448,0.43622
1545,0.60351,0.43221
1555,0.60436,0.44122
1565,0.61485,0.44199
1575,0.61827,0.44848
1585,0.63254,0.45116
1595,0.63108,0.45182
1605,0.63535,0.45388
1615,0.63242,0.46443
1625,0.63852,0.45534
1635,0.66767,0.47146
1645,0.65889,0.47437
1655,0.66889,0.47966
1665,0.69548,0.47777
1675,0.67352,0.48884
1685,0.69377,0.49269
1695,0.70048,0.49767
1705,0.70767,0.5009
1715,0.71377,0.49973
1725,0.71365,0.50227
1735,0.71011,0.50361
1745,0.7228,0.51041
1755,0.74,0.52268
1765,0.7528,0.5207
1775,0.74939,0.52253
1785,0.74963,0.52865
1795,0.76427,0.54594
1805,0.79171,0.542
1815,0.79013,0.54649
1825,0.82184,0.55552
1835,0.80403,0.55669
1845,0.81903,0.55535
1855,0.82452,0.56381
1865,0.82843,0.57944
1875,0.85892,0.58207
1885,0.85538,0.5955
1895,0.86929,0.5951
1905,0.85221,0.59305
1915,0.86319,0.59542
1925,0.89087,0.60056
1935,0.90149,0.60665
1945,0.89283,0.60273
1955,0.89514,0.60722
1965,0.92637,0.61148
1975,0.91698,0.62614
1985,0.94479,0.618
1995,0.92332,0.62197
2005,0.94247,0.6312
2015,0.95149,0.64475
2025,0.92832,0.63658
2035,0.95174,0.62583
2045,0.95613,0.62883
2055,0.97284,0.64306
2065,0.97516,0.63
2075,0.96235,0.64681
2085,0.97662,0.64941
2095,0.9582,0.64938
2105,0.9926,0.64038
2115,0.96491,0.63049
2125,0.97235,0.63429
2135,0.98772,0.64018
2145,0.98516,0.63086
2155,0.97833,0.62471
2165,0.97491,0.62594
2175,0.98443,0.62731
2185,0.97223,0.61562
2195,0.98382,0.62757
2205,0.97247,0.62909
2215,0.97028,0.61954
2225,0.97845,0.62646
2235,0.98369,0.62869
2245,0.9904,0.63043
2255,0.98272,0.6264
2265,0.98967,0.61883
2275,0.97625,0.60399
2285,0.96101,0.5843
2295,0.96662,0.58176
2305,0.96467,0.59439
2315,0.95893,0.5865
2325,0.94076,0.57041
2335,0.93332,0.57361
2345,0.95259,0.56232
2355,0.92539,0.5512
2365,0.96003,0.55283
2375,0.93112,0.55617
2385,0.94296,0.56532
2395,0.93064,0.56003
2405,0.93356,0.56192
2415,0.9249,0.53628
2425,0.91771,0.54257
2435,0.916,0.53342
2445,0.90941,0.51636
2455,0.89502,0.50893
2465,0.88868,0.50578
2475,0.89709,0.51576
2485,0.93149,0.52885
2495,0.90271,0.52613
2505,0.91527,0.50224
2515,0.88173,0.49389
2525,0.87087,0.48035
2535,0.8777,0.48009
2545,0.88831,0.50358
2555,0.87673,0.50098
2565,0.8927,0.483
2575,0.86282,0.46803
2585,0.86124,0.44591
2595,0.84538,0.44159
2605,0.85916,0.44025
2615,0.84306,0.43742
2625,0.82952,0.4373
2635,0.83172,0.43953
2645,0.83721,0.43127
2655,0.84367,0.43556
2665,0.82916,0.44019
2675,0.83196,0.40875
2685,0.80257,0.39686
2695,0.80757,0.39726
2705,0.80415,0.40172
2715,0.83501,0.41669
2725,0.83599,0.42187
2735,0.83562,0.40592
2745,0.80269,0.38646
2755,0.78525,0.37274
2765,0.80232,0.36879
2775,0.77098,0.36539
2785,0.75305,0.34887
2795,0.74609,0.33767
2805,0.76256,0.34147
2815,0.79244,0.37014
2825,0.78744,0.37091
2835,0.7578,0.35184
2845,0.79379,0.3527
2855,0.78952,0.3625
2865,0.77122,0.34747
2875,0.77183,0.34404
2885,0.79232,0.35041
2895,0.78122,0.34936
2905,0.76585,0.33769
2915,0.74878,0.33212
2925,0.74963,0.32912
2935,0.73853,0.31071
2945,0.75439,0.30014
2955,0.73487,0.29868
2965,0.73146,0.30208
2975,0.7217,0.29211
2985,0.71487,0.27767
2995,0.71304,0.27942
3005,0.73292,0.29071
3015,0.71072,0.27707
3025,0.70536,0.27976
3035,0.70853,0.27156
3045,0.69011,0.25864
3055,0.69462,0.26095
3065,0.72012,0.26578
3075,0.70023,0.26141
3085,0.68096,0.25815
3095,0.70121,0.25421
3105,0.68523,0.24275
3115,0.66474,0.22225
3125,0.67133,0.22803
3135,0.68548,0.23443
3145,0.69011,0.24752
3155,0.69633,0.243
3165,0.67791,0.24137
3175,0.69011,0.24132
3185,0.66023,0.23057
3195,0.6662,0.22331
3205,0.64303,0.21065
3215,0.65852,0.20945
3225,0.64596,0.20173
3235,0.63144,0.19413
3245,0.63278,0.19756
3255,0.63632,0.19733
3265,0.65071,0.20473
3275,0.65218,0.20053
3285,0.6473,0.19413
3295,0.63791,0.19439
3305,0.65474,0.21476
3315,0.65657,0.21902
3325,0.65657,0.20773
3335,0.6212,0.19681
3345,0.62681,0.18913
3355,0.63986,0.19244
3365,0.65181,0.20762
3375,0.65291,0.20956
3385,0.63644,0.20313
3395,0.63303,0.18673
3405,0.62425,0.17055
3415,0.60132,0.16097
3425,0.6068,0.1592
3435,0.59839,0.1642
3445,0.60717,0.16132
3455,0.60461,0.16169
3465,0.57412,0.14948
3475,0.57973,0.13894
3485,0.57607,0.13676
3495,0.58143,0.13862
3505,0.5757,0.13882
3515,0.57765,0.14477
3525,0.59034,0.14611
3535,0.56716,0.13994
3545,0.56948,0.13671
3555,0.57119,0.13422
3565,0.56985,0.13651
3575,0.58351,0.146
3585,0.57741,0.15288
3595,0.58082,0.14585
3605,0.57265,0.13496
3615,0.56521,0.12845
3625,0.5718,0.1227
3635,0.56826,0.12582
3645,0.56046,0.12739
3655,0.5807,0.13408
3665,0.56851,0.13522
3675,0.56692,0.12873
3685,0.56131,0.11616
3695,0.55119,0.1203
3705,0.5635,0.11621
3715,0.53801,0.11015
3725,0.54509,0.1127
3735,0.54094,0.11493
3745,0.56716,0.11664
3755,0.54509,0.11438
3765,0.55716,0.11321
3775,0.55972,0.11141
3785,0.5263,0.11859
3795,0.54204,0.12227
3805,0.55192,0.11896
3815,0.53618,0.1167
3825,0.53045,0.1129
3835,0.54411,0.10998
3845,0.53631,0.10695
3855,0.5535,0.11656
3865,0.54814,0.11527
3875,0.55106,0.11158
3885,0.5324,0.10861
3895,0.52338,0.10995
3905,0.53935,0.10089
3915,0.5224,0.09898
3925,0.51386,0.09481
3935,0.52179,0.09172
3945,0.5246,0.09423
3955,0.51935,0.09198
3965,0.51825,0.09726
3975,0.51764,0.09435
3985,0.51276,0.09449
3995,0.51557,0.09598
4005,0.52142,0.09666
4015,0.51618,0.09815
4025,0.51313,0.09418
4035,0.50898,0.08912
4045,0.50191,0.08755
4055,0.52155,0.08855
4065,0.51545,0.088
4075,0.52264,0.0872
4085,0.49642,0.08912
4095,0.49227,0.08969
4105,0.5013,0.09329
4115,0.50545,0.09026
4125,0.49764,0.08643
4135,0.49276,0.08472
4145,0.49593,0.08529
4155,0.49288,0.08823
4165,0.49825,0.08855
4175,0.48752,0.08926
4185,0.48361,0.08366
4195,0.47752,0.08563
4205,0.49593,0.08486
4215,0.48081,0.08886
4225,0.4852,0.08757
4235,0.48361,0.0848
4245,0.47483,0.08517
4255,0.47764,0.08243
4265,0.48398,0.08034
4275,0.47361,0.08263
4285,0.47678,0.07871
4295,0.47642,0.07686
4305,0.47032,0.07548
4315,0.46507,0.0786
4325,0.46288,0.07649
4335,0.45995,0.0778
4345,0.46593,0.07706
4355,0.46251,0.07523
4365,0.45776,0.07631
4375,0.46154,0.07294
4385,0.46812,0.0746
4395,0.46642,0.07411
4405,0.46654,0.07217
4415,0.46398,0.07674
4425,0.45227,0.07546
4435,0.45458,0.07531
4445,0.44141,0.07557
4455,0.4641,0.0726
4465,0.45995,0.07045
4475,0.45702,0.0706
4485,0.44593,0.07123
4495,0.44946,0.07154
4505,0.4508,0.0722
4515,0.44922,0.07114
4525,0.45385,0.06728
4535,0.43019,0.06948
4545,0.44495,0.06885
4555,0.44288,0.07077
4565,0.44275,0.06805
4575,0.43592,0.06765
4585,0.43897,0.0716
4595,0.40994,0.06908
4605,0.42324,0.06997
4615,0.41982,0.06905
4625,0.44922,0.06871
4635,0.43019,0.06734
4645,0.42824,0.0682
4655,0.42287,0.0704
4665,0.43068,0.07117
4675,0.43165,0.07117
4685,0.41812,0.06797
4695,0.42653,0.0678
4705,0.42177,0.06934
4715,0.41519,0.06748
4725,0.4108,0.0656
4735,0.41116,0.06488
4745,0.41068,0.06271
4755,0.4147,0.06282
4765,0.40702,0.06445
4775,0.41348,0.06297
4785,0.40933,0.0652
4795,0.40336,0.06391
4805,0.40055,0.06419
4815,0.39165,0.06374
4825,0.41531,0.06071
4835,0.40458,0.06439
4845,0.40006,0.06645
4855,0.40385,0.06388
4865,0.40189,0.06182
4875,0.39701,0.06122
4885,0.38091,0.05971
4895,0.39226,0.06222
4905,0.39299,0.05996
4915,0.38506,0.06194
4925,0.3875,0.05728
4935,0.3814,0.05796
4945,0.38592,0.06148
4955,0.38055,0.05762
4965,0.36579,0.05659
4975,0.37848,0.05814
4985,0.37896,0.06054
4995,0.3686,0.05816
5005,0.37055,0.05842
5015,0.38299,0.05711
5025,0.37018,0.05568
5035,0.36969,0.05854
5045,0.37762,0.05765
5055,0.37909,0.05605
5065,0.36372,0.05639
5075,0.37189,0.05828
5085,0.36457,0.05333
5095,0.35896,0.05616
5105,0.36335,0.05636
5115,0.34981,0.05605
5125,0.36225,0.05725
5135,0.35567,0.05645
5145,0.3614,0.05691
5155,0.36164,0.05368
5165,0.35213,0.0521
5175,0.34493,0.05342
5185,0.35457,0.05376
5195,0.34518,0.05533
5205,0.35189,0.05345
5215,0.35018,0.05239
5225,0.35433,0.05445
5235,0.34725,0.05253
5245,0.3464,0.05379
5255,0.33139,0.05356
5265,0.35079,0.05085
5275,0.327,0.0525
5285,0.33749,0.05288
5295,0.34079,0.05319
5305,0.33798,0.05248
5315,0.32871,0.05276
5325,0.32164,0.05082
5335,0.33603,0.05351
5345,0.33274,0.05125
5355,0.32969,0.05142
5365,0.33347,0.05419
5375,0.31493,0.04976
5385,0.32615,0.04702
5395,0.31407,0.04899
5405,0.31164,0.04968
5415,0.32091,0.04925
5425,0.31773,0.04896
5435,0.32749,0.04762
5445,0.30249,0.0481
5455,0.32091,0.04773
5465,0.31603,0.04956
5475,0.31481,0.04819
5485,0.31651,0.04699
5495,0.31639,0.0473
5505,0.32103,0.04622
5515,0.30505,0.04633
5525,0.30078,0.04933
5535,0.30127,0.04436
5545,0.30395,0.04607
5555,0.30505,0.04567
5565,0.2931,0.04542
5575,0.30505,0.04447
5585,0.30773,0.04722
5595,0.29041,0.0481
5605,0.29053,0.04356
5615,0.30956,0.04304
5625,0.30249,0.04553
5635,0.30151,0.04207
5645,0.29358,0.04339
5655,0.30285,0.04436
5665,0.28846,0.04113
5675,0.28578,0.04176
5685,0.287,0.0443
5695,0.28907,0.04007
5705,0.2887,0.04302
5715,0.292,0.04147
5725,0.28602,0.04182
5735,0.28273,0.04159
5745,0.27773,0.04224
5755,0.27456,0.04247
5765,0.28627,0.04136
5775,0.27822,0.0417
5785,0.27895,0.04081
5795,0.26614,0.04016
5805,0.27138,0.04139
5815,0.26895,0.04219
5825,0.28126,0.04001
5835,0.27346,0.04122
5845,0.26663,0.04036
5855,0.26651,0.04076
5865,0.26285,0.0393
5875,0.27468,0.03859
5885,0.26321,0.03924
5895,0.25321,0.0403
5905,0.26699,0.0399
5915,0.26016,0.03879
5925,0.26712,0.03736
5935,0.26016,0.03759
5945,0.2576,0.03956
5955,0.24943,0.03884
5965,0.26626,0.03747
5975,0.25211,0.03993
5985,0.25785,0.03564
5995,0.25541,0.03827
6005,0.24736,0.03684
6015,0.25419,0.03736
6025,0.25419,0.03764
6035,0.26102,0.03933
6045,0.25236,0.03924
6055,0.23992,0.03698
6065,0.24565,0.0381
6075,0.24199,0.03779
6085,0.24321,0.03784
6095,0.24894,0.03684
6105,0.24882,0.03724
6115,0.24675,0.03687
6125,0.24504,0.03724
6135,0.24492,0.0373
6145,0.2387,0.03633
6155,0.24858,0.03496
6165,0.23821,0.03596
6175,0.23796,0.03427
6185,0.23687,0.03473
6195,0.24504,0.03481
6205,0.23455,0.03496
6215,0.23528,0.03553
6225,0.23479,0.03461
6235,0.2365,0.03556
6245,0.24309,0.03493
6255,0.23004,0.03424
6265,0.23443,0.03441
6275,0.23028,0.0335
6285,0.22467,0.03338
6295,0.23187,0.03418
6305,0.23333,0.03436
6315,0.23553,0.0335
6325,0.22077,0.0339
6335,0.22711,0.03616
6345,0.23138,0.03481
6355,0.23553,0.03493
6365,0.22284,0.03444
6375,0.22016,0.03367
6385,0.2276,0.03301
6395,0.22918,0.03473
6405,0.24138,0.03576
6415,0.2193,0.03527
6425,0.22272,0.03533
6435,0.21662,0.03298
6445,0.22333,0.03401
6455,0.21101,0.03315
6465,0.22284,0.03161
6475,0.21028,0.03353
6485,0.21625,0.03095
6495,0.21174,0.03173
6505,0.21918,0.03184
6515,0.21503,0.0315
6525,0.2126,0.0311
6535,0.21467,0.0305
6545,0.21784,0.0323
6555,0.21064,0.03147
6565,0.2126,0.02941
6575,0.20686,0.0305
6585,0.21113,0.03161
6595,0.20089,0.03033
6605,0.20698,0.03078
6615,0.22345,0.02978
6625,0.20528,0.02964
6635,0.19735,0.03064
6645,0.20125,0.03033
6655,0.20198,0.02998
6665,0.21406,0.02955
6675,0.20491,0.02918
6685,0.19625,0.02915
6695,0.20723,0.0281
6705,0.19552,0.02935
6715,0.21381,0.03013
6725,0.19918,0.02964
6735,0.2065,0.02855
6745,0.20113,0.02967
6755,0.20284,0.0275
6765,0.19698,0.03024
6775,0.19625,0.02821
6785,0.18662,0.0283
6795,0.19271,0.02904
6805,0.20784,0.03107
6815,0.19552,0.02901
6825,0.2015,0.02961
6835,0.20113,0.02912
6845,0.19613,0.03101
6855,0.19052,0.02927
6865,0.19637,0.0293
6875,0.19113,0.02824
6885,0.18283,0.02855
6895,0.19906,0.0283
6905,0.1904,0.02692
6915,0.19064,0.02852
6925,0.19393,0.0273
6935,0.1943,0.02675
6945,0.18869,0.02641
6955,0.18601,0.02667
6965,0.19223,0.02704
6975,0.18808,0.02744
6985,0.18918,0.02664
6995,0.18723,0.02532
7005,0.19003,0.02698
7015,0.18686,0.02715
7025,0.18601,0.02652
7035,0.18759,0.02724
7045,0.17295,0.02538
7055,0.18296,0.02724
7065,0.18332,0.0269
7075,0.17527,0.02747
7085,0.17661,0.02675
7095,0.18393,0.02821
7105,0.19991,0.02575
7115,0.18405,0.02632
7125,0.18686,0.02541
7135,0.18247,0.02715
7145,0.19027,0.02778
7155,0.18844,0.02598
7165,0.19332,0.02604
7175,0.18405,0.0265
7185,0.18491,0.02518
7195,0.18027,0.02441
7205,0.18405,0.02412
7215,0.18857,0.02432
7225,0.17661,0.02487
7235,0.18088,0.02532
7245,0.18174,0.02421
7255,0.17661,0.02581
7265,0.1743,0.02389
7275,0.17564,0.02572
7285,0.17393,0.02404
7295,0.16771,0.02518
7305,0.18076,0.0257
7315,0.1771,0.02284
7325,0.16942,0.02427
7335,0.17478,0.02524
7345,0.1743,0.02601
7355,0.16881,0.02352
7365,0.16942,0.02298
7375,0.17369,0.02467
7385,0.1743,0.02467
7395,0.17442,0.02361
7405,0.18357,0.02441
7415,0.16564,0.02472
7425,0.16478,0.02547
7435,0.16942,0.02498
7445,0.17039,0.02621
7455,0.17698,0.02469
7465,0.16478,0.02487
7475,0.16527,0.02469
7485,0.17369,0.0255
7495,0.1621,0.02429
7505,0.16734,0.02358
7515,0.16795,0.02538
7525,0.16978,0.02572
7535,0.17283,0.02492
7545,0.17247,0.02398
7555,0.16612,0.02429
7565,0.16869,0.02172
7575,0.16222,0.02307
7585,0.1671,0.02501
7595,0.16381,0.02249
7605,0.17027,0.02244
7615,0.16186,0.02307
7625,0.16588,0.02295
7635,0.16905,0.02367
7645,0.16551,0.02301
7655,0.17332,0.02264
7665,0.17283,0.02229
7675,0.16942,0.02304
7685,0.16893,0.02258
7695,0.16027,0.02441
7705,0.16222,0.02395
7715,0.15954,0.02407
7725,0.16295,0.02232
7735,0.15832,0.02187
7745,0.15868,0.02304
7755,0.1649,0.02275
7765,0.16368,0.02455
7775,0.1632,0.02155
7785,0.16161,0.02215
7795,0.15624,0.02207
7805,0.16649,0.02278
7815,0.15039,0.02215
7825,0.16234,0.02252
7835,0.15942,0.02295
7845,0.16186,0.02315
7855,0.15466,0.02149
7865,0.15246,0.02201
7875,0.15356,0.02241
7885,0.15356,0.02212
7895,0.15685,0.02241
7905,0.16088,0.02318
7915,0.16771,0.02029
7925,0.15173,0.02212
7935,0.15807,0.02209
7945,0.16161,0.02264
7955,0.15356,0.02258
7965,0.15417,0.02184
7975,0.1438,0.02155
7985,0.16112,0.02118
7995,0.15381,0.02152
8005,0.15466,0.02238
8015,0.15502,0.02112
8025,0.1521,0.01955
8035,0.15929,0.02184
8045,0.15978,0.02132
8055,0.15807,0.02332
8065,0.1549,0.02061
8075,0.14332,0.02081
8085,0.14722,0.02238
8095,0.15807,0.02095
8105,0.14832,0.02146
8115,0.15441,0.02158
8125,0.15588,0.02029
8135,0.14356,0.02055
8145,0.15356,0.01929
8155,0.14441,0.01926
8165,0.1582,0.02044
8175,0.14722,0.02041
8185,0.15344,0.01935
8195,0.14844,0.02024
8205,0.15368,0.02149
8215,0.14356,0.02121
8225,0.14661,0.02006
8235,0.14905,0.02006
8245,0.14905,0.01984
8255,0.14746,0.02006
8265,0.15039,0.01904
8275,0.15002,0.02004
8285,0.14417,0.02089
8295,0.14368,0.01975
8305,0.1488,0.01998
8315,0.14807,0.02046
8325,0.14258,0.01938
8335,0.14819,0.02089
8345,0.1449,0.02178
8355,0.14807,0.02192
8365,0.15002,0.02138
8375,0.14368,0.02204
8385,0.15198,0.02227
8395,0.1488,0.02218
8405,0.14868,0.02098
8415,0.14173,0.01969
8425,0.14441,0.02092
8435,0.14124,0.02035
8445,0.14673,0.02158
8455,0.14136,0.01892
8465,0.1399,0.02098
8475,0.15063,0.02001
8485,0.14368,0.02089
8495,0.14234,0.02207
8505,0.13624,0.02138
8515,0.14807,0.02378
8525,0.14807,0.02218
8535,0.15039,0.02364
8545,0.14173,0.02215
8555,0.14246,0.02158
8565,0.14027,0.02026
8575,0.13673,0.01926
8585,0.14295,0.01935
8595,0.14039,0.01946
8605,0.14173,0.01984
8615,0.1399,0.01829
8625,0.14075,0.02041
8635,0.1399,0.01929
8645,0.14136,0.02001
8655,0.15283,0.01972
8665,0.14149,0.01741
8675,0.14124,0.01929
8685,0.13563,0.01918
8695,0.141,0.01926
8705,0.14149,0.01809
8715,0.14417,0.01972
8725,0.13063,0.01878
8735,0.14283,0.01872
8745,0.13356,0.01969
8755,0.14185,0.01806
8765,0.13929,0.01932
8775,0.13722,0.01878
8785,0.13185,0.01838
8795,0.1399,0.02006
8805,0.13856,0.01844
8815,0.1349,0.01892
8825,0.13807,0.01926
8835,0.13502,0.01821
8845,0.14088,0.01981
8855,0.13551,0.01775
8865,0.13429,0.01898
8875,0.14661,0.01998
8885,0.14417,0.01804
8895,0.13405,0.01881
8905,0.13514,0.01912
8915,0.13844,0.01855
8925,0.14002,0.01829
8935,0.13746,0.01872
8945,0.13868,0.01881
8955,0.1377,0.01769
8965,0.13649,0.01998
8975,0.14527,0.01992
8985,0.13258,0.01858
8995,0.1349,0.01984
9005,0.14515,0.01881
9015,0.14124,0.01852
9025,0.14234,0.01946
9035,0.14807,0.01792
9045,0.14954,0.01889
9055,0.15112,0.01895
9065,0.15551,0.01904
9075,0.15259,0.01764
9085,0.14454,0.01784
9095,0.13807,0.01938
9105,0.13953,0.01792
9115,0.13344,0.01789
9125,0.14295,0.01804
9135,0.13685,0.01795
9145,0.13697,0.01829
9155,0.13953,0.01841
9165,0.12953,0.01795
9175,0.14063,0.01915
9185,0.13575,0.01652
9195,0.12953,0.01801
9205,0.12612,0.01772
9215,0.12575,0.01935
9225,0.13075,0.01666
9235,0.1421,0.01775
9245,0.13417,0.01818
9255,0.13783,0.01755
9265,0.13197,0.01726
9275,0.13063,0.01766
9285,0.13819,0.01746
9295,0.13356,0.01729
9305,0.131,0.01775
9315,0.14027,0.01829
9325,0.13075,0.01858
9335,0.14197,0.01766
9345,0.13209,0.01769
9355,0.13087,0.01575
9365,0.13929,0.01603
9375,0.13307,0.01861
9385,0.13551,0.01786
9395,0.13514,0.01818
9405,0.12539,0.01749
9415,0.131,0.01764
9425,0.13502,0.01844
9435,0.13892,0.01735
9445,0.1327,0.01772
9455,0.13173,0.01778
9465,0.13539,0.01615
9475,0.12465,0.01726
9485,0.13368,0.01738
9495,0.12734,0.01709
9505,0.12941,0.01792
9515,0.14502,0.01789
9525,0.13649,0.01681
9535,0.13844,0.01844
9545,0.13795,0.01712
9555,0.13356,0.01666
9565,0.1349,0.02015
9575,0.13283,0.01881
9585,0.14344,0.01935
9595,0.13905,0.01952
9605,0.13331,0.02066
9615,0.13429,0.01929
9625,0.13673,0.02004
9635,0.12636,0.01778
9645,0.13185,0.01795
9655,0.13124,0.01772
9665,0.13356,0.01764
9675,0.13783,0.01723
9685,0.13453,0.01601
9695,0.13649,0.01743
9705,0.13173,0.01772
9715,0.13466,0.01775
9725,0.13868,0.01772
9735,0.13185,0.01784
9745,0.13466,0.01649
9755,0.121,0.01646
9765,0.13063,0.01661
9775,0.1399,0.01692
9785,0.13392,0.01718
9795,0.12904,0.01721
9805,0.13941,0.01692
9815,0.13209,0.01615
9825,0.13661,0.01701
9835,0.1349,0.01752
9845,0.13148,0.01746
9855,0.12734,0.01712
9865,0.13819,0.01723
9875,0.12831,0.01726
9885,0.14051,0.01723
9895,0.13161,0.01709
9905,0.13819,0.01661
9915,0.13161,0.01623
9925,0.13795,0.01821
9935,0.12563,0.01715
9945,0.13173,0.01778
9955,0.13405,0.01838
9965,0.12941,0.01609
9975,0.12709,0.01555
9985,0.1277,0.01578
9995,0.1327,0.01626
10005,0.13722,0.01735
10015,0.1299,0.01655
10025,0.13405,0.01726
10035,0.12819,0.01755
10045,0.13173,0.01752
10055,0.13502,0.01758
10065,0.13575,0.01655
10075,0.13331,0.01735
10085,0.13746,0.01812
10095,0.14429,0.01712
10105,0.13258,0.01652
10115,0.13197,0.01806
10125,0.13807,0.01806
10135,0.13039,0.01746
10145,0.14295,0.01824
10155,0.13222,0.01695
10165,0.13612,0.01755
10175,0.12892,0.01746
10185,0.13319,0.01769
10195,0.1338,0.01732
10205,0.1288,0.01741
10215,0.13527,0.01638
10225,0.1349,0.01635
10235,0.14002,0.01798
10245,0.1377,0.01706
10255,0.13466,0.01726
10265,0.13563,0.01589
10275,0.13136,0.01815
10285,0.1349,0.01618
10295,0.13636,0.01589
10305,0.12758,0.01618
10315,0.12844,0.01518
10325,0.12624,0.01526
10335,0.12978,0.01572
10345,0.12904,0.01649
10355,0.13307,0.01726
10365,0.13014,0.01641
10375,0.12807,0.01601
10385,0.13783,0.01632
10395,0.13441,0.01638
10405,0.13392,0.01661
10415,0.13283,0.01641
10425,0.13283,0.01606
10435,0.12624,0.01606
10445,0.12917,0.01821
10455,0.13661,0.01572
10465,0.13356,0.01689
10475,0.13063,0.01669
10485,0.12819,0.01715
10495,0.12307,0.01543
10505,0.12551,0.01758
10515,0.13344,0.01563
10525,0.13563,0.01761
10535,0.12612,0.01566
10545,0.13136,0.01618
10555,0.13307,0.01726
10565,0.12709,0.01618
10575,0.12978,0.01563
10585,0.13039,0.01755
10595,0.13258,0.01598
10605,0.13112,0.01555
10615,0.12734,0.01626
10625,0.12624,0.01643
10635,0.13307,0.01712
10645,0.1349,0.01669
10655,0.13368,0.01569
10665,0.1288,0.01675
10675,0.13185,0.01646
10685,0.1377,0.01781
10695,0.13539,0.01775
10705,0.12722,0.01566
10715,0.13453,0.01732
10725,0.13478,0.01844
10735,0.14185,0.01681
10745,0.13331,0.01812
10755,0.13136,0.01658
10765,0.12978,0.01709
10775,0.13209,0.01718
10785,0.12502,0.01603
10795,0.13807,0.01569
10805,0.136,0.01526
10815,0.14039,0.01732
10825,0.13014,0.01804
10835,0.13392,0.01758
10845,0.13527,0.01764
10855,0.13173,0.01812
10865,0.12929,0.01915
10875,0.12892,0.01921
10885,0.13478,0.01915
10895,0.13112,0.01929
10905,0.13185,0.01926
10915,0.13783,0.01812
10925,0.13661,0.01846
10935,0.13051,0.01712
10945,0.13331,0.01621
10955,0.1299,0.01789
10965,0.12734,0.01775
10975,0.13441,0.01615
10985,0.13026,0.01626
10995,0.13929,0.01709
11005,0.13295,0.01626
11015,0.13905,0.01655
11025,0.12624,0.01675
11035,0.12917,0.01715
11045,0.13905,0.01641
11055,0.12673,0.01775
11065,0.13588,0.01741
11075,0.12697,0.01844
11085,0.13197,0.01752
11095,0.13173,0.01658
11105,0.13563,0.01652
11115,0.13514,0.01643
11125,0.14088,0.01835
11135,0.12697,0.01701
11145,0.13026,0.01729
11155,0.13673,0.01715
11165,0.13539,0.01666
11175,0.13441,0.01698
11185,0.12831,0.01578
11195,0.13953,0.01829
11205,0.13258,0.01815
11215,0.13527,0.01701
11225,0.13026,0.01698
11235,0.13026,0.01666
11245,0.13283,0.01663
11255,0.13173,0.01681
11265,0.13283,0.01652
11275,0.1388,0.01655
11285,0.13368,0.01792
11295,0.13527,0.01718
11305,0.13527,0.01561
11315,0.13002,0.01703
11325,0.13051,0.01612
11335,0.13405,0.01621
11345,0.13246,0.01758
11355,0.1277,0.01661
11365,0.14149,0.01758
11375,0.12904,0.01578
11385,0.13283,0.01623
11395,0.12246,0.01621
11405,0.12844,0.01586
11415,0.13075,0.01692
11425,0.13661,0.01743
11435,0.13649,0.01621
11445,0.13783,0.01626
11455,0.14185,0.01635
11465,0.1349,0.01663
11475,0.13673,0.01675
11485,0.1421,0.01601
11495,0.1327,0.01592
11505,0.13575,0.01678
11515,0.14234,0.01572
11525,0.13368,0.01746
11535,0.12551,0.01661
11545,0.13258,0.01723
11555,0.13466,0.01709
11565,0.1421,0.01635
11575,0.13026,0.01786
11585,0.13673,0.01641
11595,0.13112,0.01638
11605,0.14051,0.01758
11615,0.13685,0.01572
11625,0.13087,0.01743
11635,0.13051,0.01649
11645,0.13087,0.01758
11655,0.13758,0.01726
11665,0.14039,0.01709
11675,0.13502,0.01775
11685,0.14014,0.01775
11695,0.13795,0.01723
11705,0.1371,0.01681
11715,0.13575,0.01752
11725,0.14515,0.01758
11735,0.13197,0.01638
11745,0.1399,0.01655
11755,0.1377,0.01646
11765,0.13636,0.01826
11775,0.12648,0.01732
11785,0.13807,0.01732
11795,0.13649,0.01689
11805,0.13026,0.01749
11815,0.1371,0.01535
11825,0.13636,0.01535
11835,0.13295,0.01789
11845,0.13588,0.01715
11855,0.13112,0.01663
11865,0.13258,0.01698
11875,0.14161,0.01712
11885,0.13307,0.01821
11895,0.13331,0.01826
11905,0.14185,0.01666
11915,0.141,0.01875
11925,0.1438,0.01689
11935,0.13685,0.01695
11945,0.13588,0.01826
11955,0.14478,0.01715
11965,0.13856,0.01669
11975,0.13685,0.01784
11985,0.13405,0.01555
11995,0.13844,0.01652
12005,0.13892,0.01629
12015,0.1399,0.01603
12025,0.13551,0.01455
12035,0.136,0.01549
12045,0.13551,0.01689
12055,0.13685,0.01706
12065,0.13941,0.01515
12075,0.13453,0.01643
12085,0.13002,0.01569
12095,0.13685,0.01509
12105,0.13941,0.01621
12115,0.14124,0.01586
12125,0.13478,0.01569
12135,0.14685,0.01552
12145,0.13356,0.01606
12155,0.1421,0.01609
12165,0.141,0.01758
12175,0.14222,0.01689
12185,0.13295,0.01555
12195,0.13173,0.01661
12205,0.13453,0.01558
12215,0.13539,0.01701
12225,0.136,0.01672
12235,0.13807,0.01672
12245,0.13502,0.01589
12255,0.136,0.01549
12265,0.13697,0.01655
12275,0.13831,0.01583
12285,0.13478,0.01609
12295,0.1338,0.01683
12305,0.14356,0.01523
12315,0.13661,0.01526
12325,0.13466,0.01626
12335,0.13246,0.01569
12345,0.13807,0.01726
12355,0.13892,0.01621
12365,0.13441,0.01621
12375,0.13258,0.01603
12385,0.13283,0.01692
12395,0.13953,0.01706
12405,0.13514,0.01641
12415,0.13795,0.01563
12425,0.13941,0.01535
12435,0.13502,0.01675
12445,0.13929,0.01589
12455,0.13392,0.01683
12465,0.13819,0.01495
12475,0.13197,0.01529
12485,0.13527,0.01492
12495,0.131,0.01715
12505,0.13758,0.01555
12515,0.14258,0.01629
12525,0.14002,0.01623
12535,0.13685,0.01512
12545,0.13173,0.01569
12555,0.14185,0.01546
12565,0.13844,0.01618
12575,0.14368,0.01709
12585,0.14063,0.01629
12595,0.14344,0.01629
12605,0.13636,0.01543
12615,0.14014,0.01635
12625,0.13551,0.01575
12635,0.13685,0.01546
12645,0.13417,0.01455
12655,0.13966,0.01655
12665,0.13941,0.01661
12675,0.14283,0.01583
12685,0.1338,0.01603
12695,0.13185,0.01709
12705,0.13624,0.01643
12715,0.1377,0.01703
12725,0.14393,0.01649
12735,0.14661,0.01643
12745,0.14075,0.01703
12755,0.13807,0.01563
12765,0.1299,0.01541
12775,0.136,0.01586
12785,0.13905,0.01703
12795,0.14649,0.01746
12805,0.13892,0.01672
12815,0.1388,0.01515
12825,0.13575,0.01661
12835,0.14039,0.01469
12845,0.14344,0.01526
12855,0.14356,0.01706
12865,0.15234,0.01686
12875,0.14417,0.01549
12885,0.14734,0.01535
12895,0.141,0.01475
12905,0.14075,0.01575
12915,0.13941,0.01629
12925,0.13856,0.01655
12935,0.14429,0.01666
12945,0.1349,0.01635
12955,0.1377,0.01626
12965,0.13819,0.01658
12975,0.13539,0.01563
12985,0.13868,0.01672
12995,0.14649,0.01538
13005,0.13734,0.01449
13015,0.13917,0.01521
13025,0.14417,0.01658
13035,0.14027,0.01558
13045,0.14307,0.01572
13055,0.13917,0.01546
13065,0.14417,0.01658
13075,0.15015,0.01563
13085,0.1449,0.01709
13095,0.136,0.01526
13105,0.13722,0.01569
13115,0.14588,0.01621
13125,0.14014,0.01546
13135,0.13978,0.01592
13145,0.14332,0.01632
13155,0.14088,0.01626
13165,0.14307,0.01629
13175,0.14112,0.01589
13185,0.14612,0.01601
13195,0.13978,0.01561
13205,0.14271,0.01532
13215,0.14405,0.01526
13225,0.14795,0.01669
13235,0.14332,0.01498
13245,0.1377,0.01541
13255,0.1449,0.01561
13265,0.14332,0.01646
13275,0.14563,0.01569
13285,0.1471,0.01475
13295,0.14673,0.01603
13305,0.14368,0.01718
13315,0.14173,0.01515
13325,0.15039,0.01689
13335,0.13783,0.01729
13345,0.14161,0.01701
13355,0.1471,0.01723
13365,0.14527,0.01726
13375,0.14368,0.01663
13385,0.1521,0.01749
13395,0.1421,0.01586
13405,0.15015,0.01683
13415,0.14685,0.01703
13425,0.14112,0.01732
13435,0.15637,0.01681
13445,0.146,0.01663
13455,0.14868,0.01806
13465,0.14515,0.01792
13475,0.14271,0.01606
13485,0.14697,0.01489
13495,0.14929,0.01692
13505,0.14246,0.01626
13515,0.14466,0.01806
13525,0.14393,0.01661
13535,0.14576,0.01623
13545,0.14088,0.01612
13555,0.14319,0.01481
13565,0.1438,0.01775
13575,0.14624,0.01635
13585,0.14941,0.01675
13595,0.14283,0.01669
13605,0.14429,0.01621
13615,0.14332,0.01583
13625,0.14563,0.01572
13635,0.14746,0.01678
13645,0.14819,0.01675
13655,0.14063,0.01686
13665,0.14271,0.01672
13675,0.14966,0.01749
13685,0.14697,0.01686
13695,0.15027,0.01741
13705,0.15173,0.01769
13715,0.14454,0.01901
13725,0.15137,0.02006
13735,0.15015,0.01904
13745,0.1449,0.01929
13755,0.1532,0.02035
13765,0.15539,0.02104
13775,0.15283,0.01952
13785,0.15051,0.01815
13795,0.15271,0.01841
13805,0.14746,0.01749
13815,0.1499,0.01786
13825,0.1471,0.01729
13835,0.15076,0.01835
13845,0.14393,0.01666
13855,0.14612,0.01592
13865,0.15588,0.01761
13875,0.15039,0.01761
13885,0.14393,0.01672
13895,0.15234,0.01589
13905,0.15088,0.01706
13915,0.14197,0.01586
13925,0.1471,0.01589
13935,0.14551,0.01575
13945,0.14344,0.01721
13955,0.15185,0.01741
13965,0.15539,0.01603
13975,0.14307,0.01663
13985,0.15002,0.01706
13995,0.14954,0.01649
14005,0.14758,0.01669
14015,0.14368,0.01735
14025,0.15124,0.01609
14035,0.13722,0.01678
14045,0.15002,0.01595
14055,0.15198,0.01726
14065,0.14844,0.01632
14075,0.15063,0.01541
14085,0.15222,0.01655
14095,0.15076,0.01775
14105,0.14722,0.01578
14115,0.14722,0.01629
14125,0.14283,0.01658
14135,0.14941,0.01661
14145,0.15271,0.01643
14155,0.14734,0.01578
14165,0.15149,0.01618
14175,0.14173,0.01652
14185,0.1438,0.01638
14195,0.14917,0.01526
14205,0.15527,0.01715
14215,0.14856,0.01675
14225,0.15259,0.01618
14235,0.146,0.01535
14245,0.14954,0.01692
14255,0.15283,0.01689
14265,0.15954,0.01623
14275,0.14454,0.01706
14285,0.15856,0.01589
14295,0.1671,0.01643
14305,0.17515,0.01606
14315,0.17722,0.01721
14325,0.1782,0.01683
14335,0.18735,0.01692
14345,0.18991,0.01603
14355,0.18979,0.01652
14365,0.17564,0.01641
14375,0.17417,0.01666
14385,0.16515,0.01715
14395,0.16149,0.01612
14405,0.16307,0.01661
14415,0.15576,0.01635
14425,0.15563,0.01589
14435,0.14856,0.01686
14445,0.15112,0.01683
14455,0.15039,0.01601
14465,0.15698,0.01583
14475,0.15259,0.01595
14485,0.15576,0.01629
14495,0.15076,0.01701
14505,0.15332,0.01703
14515,0.14258,0.01623
14525,0.15002,0.01603
14535,0.15039,0.01443
14545,0.15283,0.01612
14555,0.15112,0.01752
14565,0.15271,0.01746
14575,0.15905,0.01572
14585,0.15344,0.01729
14595,0.14344,0.01798
14605,0.15283,0.01603
14615,0.1521,0.01658
14625,0.16076,0.01758
14635,0.15234,0.01569
14645,0.14832,0.01532
14655,0.15393,0.01586
14665,0.15746,0.01572
14675,0.15088,0.01638
14685,0.15356,0.01603
14695,0.14917,0.01632
14705,0.15502,0.01649
14715,0.15198,0.01743
14725,0.15112,0.01635
14735,0.15381,0.01595
14745,0.15137,0.01546
14755,0.15807,0.01655
14765,0.16173,0.01712
14775,0.15015,0.01658
14785,0.15015,0.01703
14795,0.15002,0.01632
14805,0.14783,0.01655
14815,0.14673,0.01526
14825,0.15124,0.01792
14835,0.16381,0.01689
14845,0.15234,0.01578
14855,0.15454,0.01646
14865,0.14819,0.01623
14875,0.15173,0.01641
14885,0.15332,0.01641
14895,0.14624,0.01555
14905,0.15161,0.01523
14915,0.15344,0.01583
14925,0.15429,0.01672
14935,0.15222,0.01649
14945,0.16064,0.01569
14955,0.14661,0.01501
14965,0.14539,0.01635
14975,0.1532,0.01623
14985,0.15576,0.01683
14995,0.15515,0.01709
15005,0.15198,0.01738
15015,0.15356,0.01635
15025,0.15942,0.01592
15035,0.15539,0.01703
15045,0.16039,0.01615
15055,0.15149,0.01715
15065,0.14832,0.01592
15075,0.15795,0.01618
15085,0.15502,0.01695
15095,0.16003,0.01678
15105,0.15588,0.01658
15115,0.15832,0.01658
15125,0.1449,0.01609
15135,0.15381,0.01646
15145,0.14661,0.01566
15155,0.1449,0.01698
15165,0.15637,0.01632
15175,0.15783,0.01718
15185,0.15576,0.01555
15195,0.15661,0.01598
15205,0.15356,0.01535
15215,0.15246,0.01623
15225,0.16137,0.01503
15235,0.14819,0.01655
15245,0.15783,0.01458
15255,0.16161,0.01583
15265,0.14966,0.01618
15275,0.15844,0.01569
15285,0.16161,0.01641
15295,0.14697,0.01578
15305,0.1582,0.01483
15315,0.16076,0.01581
15325,0.15307,0.01652
15335,0.15454,0.01595
15345,0.15929,0.01706
15355,0.15429,0.01683
15365,0.16344,0.01621
15375,0.15954,0.01598
15385,0.15149,0.01615
15395,0.15856,0.01532
15405,0.17186,0.01512
15415,0.16198,0.01621
15425,0.15124,0.01475
15435,0.1521,0.01672
15445,0.15393,0.01578
15455,0.15612,0.01661
15465,0.16649,0.01549
15475,0.15076,0.01561
15485,0.15734,0.01438
15495,0.16112,0.01569
15505,0.16198,0.01541
15515,0.15551,0.01652
15525,0.16417,0.01592
15535,0.15527,0.01566
15545,0.15466,0.01601
15555,0.15905,0.01632
15565,0.15283,0.01643
15575,0.15429,0.01512
15585,0.16027,0.01646
15595,0.15942,0.01578
15605,0.161,0.01466
15615,0.16625,0.01563
15625,0.15112,0.01561
15635,0.16381,0.01735
15645,0.15771,0.01549
15655,0.15502,0.01626
15665,0.16381,0.01609
15675,0.15307,0.01586
15685,0.15673,0.01558
15695,0.15515,0.01581
15705,0.16003,0.01509
15715,0.15027,0.01452
15725,0.15576,0.01523
15735,0.15844,0.01566
15745,0.15893,0.01521
15755,0.156,0.01629
15765,0.16247,0.01612
15775,0.15722,0.01615
15785,0.15588,0.01586
15795,0.16247,0.01578
15805,0.15844,0.01421
15815,0.15807,0.01569
15825,0.15905,0.01549
15835,0.15478,0.01561
15845,0.15942,0.01566
15855,0.16027,0.01383
15865,0.16112,0.01572
15875,0.15332,0.01532
15885,0.16064,0.01626
15895,0.16039,0.01612
15905,0.156,0.01578
15915,0.15954,0.01581
15925,0.16015,0.01463
15935,0.16271,0.01523
15945,0.15539,0.01695
15955,0.15149,0.01661
15965,0.15478,0.01509
15975,0.15027,0.01461
15985,0.15381,0.01549
15995,0.15649,0.01552
16005,0.15966,0.01583
16015,0.15868,0.01538
16025,0.15307,0.01469
16035,0.14954,0.01541
16045,0.15246,0.01515
16055,0.15454,0.01523
16065,0.16088,0.01429
16075,0.15527,0.01672
16085,0.16307,0.01621
16095,0.16112,0.01472
16105,0.16222,0.01603
16115,0.15759,0.01515
16125,0.15905,0.01438
16135,0.1571,0.01495
16145,0.16332,0.01449
16155,0.1582,0.01475
16165,0.16064,0.01538
16175,0.15393,0.01512
16185,0.16027,0.01498
16195,0.15063,0.01538
16205,0.15807,0.01418
16215,0.15271,0.01415
16225,0.14661,0.01463
16235,0.15783,0.01538
16245,0.16112,0.01552
16255,0.15112,0.013
16265,0.15807,0.01461
16275,0.15393,0.01472
16285,0.14905,0.01472
16295,0.15844,0.01346
16305,0.15502,0.01452
16315,0.15759,0.01466
16325,0.15868,0.01486
16335,0.16015,0.01463
16345,0.15661,0.01526
16355,0.15137,0.01549
16365,0.14917,0.01481
16375,0.15344,0.01475
16385,0.14966,0.01395
16395,0.16247,0.01526
16405,0.15515,0.01446
16415,0.14807,0.01443
16425,0.16088,0.01401
16435,0.15734,0.01466
16445,0.15917,0.01489
16455,0.15307,0.01503
16465,0.15576,0.01363
16475,0.15137,0.01495
16485,0.15283,0.01409
16495,0.15685,0.01395
16505,0.15649,0.01472
16515,0.15429,0.01381
16525,0.1532,0.01515
16535,0.15844,0.01366
16545,0.15137,0.01421
16555,0.16234,0.01535
16565,0.15966,0.01452
16575,0.15563,0.01478
16585,0.15661,0.01435
16595,0.15332,0.01412
16605,0.14966,0.01389
16615,0.1532,0.01372
16625,0.15039,0.01323
16635,0.15015,0.01395
16645,0.15539,0.01449
16655,0.15173,0.01343
16665,0.15198,0.01432
16675,0.151,0.01318
16685,0.15759,0.01366
16695,0.14502,0.01506
16705,0.15124,0.01429
16715,0.15661,0.01381
16725,0.15002,0.01406
16735,0.15673,0.01343
16745,0.14185,0.01432
16755,0.1549,0.01512
16765,0.1438,0.01326
16775,0.14905,0.01486
16785,0.1549,0.01503
16795,0.14929,0.01395
16805,0.14661,0.01521
16815,0.15344,0.01515
16825,0.15466,0.01498
16835,0.15283,0.01458
16845,0.1471,0.01492
16855,0.15259,0.01412
16865,0.15527,0.01458
16875,0.15478,0.01506
16885,0.15502,0.01346
16895,0.15283,0.01506
16905,0.1521,0.01421
16915,0.14856,0.01329
16925,0.14319,0.01472
16935,0.15344,0.01335
16945,0.15356,0.01452
16955,0.14649,0.01438
16965,0.14978,0.01363
16975,0.14075,0.01403
16985,0.15441,0.01323
16995,0.15295,0.01378
17005,0.1571,0.01292
17015,0.15051,0.01315
17025,0.14978,0.01272
17035,0.14649,0.01438
17045,0.15002,0.01492
17055,0.14356,0.01383
17065,0.14344,0.01258
17075,0.14246,0.0132
17085,0.14393,0.01375
17095,0.15417,0.01309
17105,0.14868,0.01355
17115,0.15063,0.01306
17125,0.14819,0.01309
17135,0.14295,0.01492
17145,0.14832,0.01298
17155,0.14893,0.013
17165,0.14234,0.01378
17175,0.14478,0.01358
17185,0.13758,0.01166
17195,0.14954,0.01306
17205,0.1449,0.01406
17215,0.13917,0.01278
17225,0.14307,0.0128
17235,0.14929,0.01335
17245,0.14758,0.01346
17255,0.14917,0.01292
17265,0.14527,0.01318
17275,0.15466,0.01212
17285,0.15027,0.01218
17295,0.14478,0.01315
17305,0.14832,0.01275
17315,0.15002,0.01375
17325,0.14661,0.01335
17335,0.14405,0.01363
17345,0.14454,0.01318
17355,0.14563,0.01463
17365,0.13966,0.01375
17375,0.14551,0.01295
17385,0.15149,0.01295
17395,0.14173,0.01289
17405,0.14173,0.01335
17415,0.13514,0.01375
17425,0.14527,0.0136
17435,0.14563,0.01263
17445,0.13697,0.01332
17455,0.13819,0.01249
17465,0.14868,0.01286
17475,0.13892,0.0118
17485,0.14368,0.01243
17495,0.14075,0.01183
17505,0.14454,0.01209
17515,0.14515,0.01346
17525,0.13209,0.01298
17535,0.14332,0.01226
17545,0.14978,0.01249
17555,0.14746,0.01295
17565,0.13612,0.01303
17575,0.14478,0.01209
17585,0.13868,0.01263
17595,0.14478,0.01326
17605,0.14502,0.01366
17615,0.141,0.0128
17625,0.14734,0.01335
17635,0.14856,0.01206
17645,0.14405,0.01178
17655,0.13917,0.01295
17665,0.1399,0.0124
17675,0.14332,0.01272
17685,0.14271,0.01346
17695,0.14417,0.01315
17705,0.1338,0.01292
17715,0.14441,0.01441
17725,0.13978,0.01518
17735,0.14819,0.01523
17745,0.14636,0.01529
17755,0.14405,0.01801
17765,0.15222,0.01852
17775,0.14527,0.01875
17785,0.14941,0.01986
17795,0.14454,0.02049
17805,0.14649,0.02009
17815,0.14624,0.02029
17825,0.14478,0.02118
17835,0.14612,0.02092
17845,0.14832,0.01984
17855,0.14356,0.01872
17865,0.14222,0.01818
17875,0.14454,0.01695
17885,0.141,0.01701
17895,0.14515,0.01641
17905,0.13795,0.01429
17915,0.13966,0.01303
17925,0.1399,0.01349
17935,0.13758,0.01269
17945,0.14563,0.01418
17955,0.14649,0.01255
17965,0.14819,0.01189
17975,0.14185,0.01126
17985,0.13588,0.01263
17995,0.141,0.01155
18005,0.14088,0.01126
18015,0.13624,0.0116
18025,0.13441,0.0124
18035,0.13246,0.01115
18045,0.13868,0.01149
18055,0.13392,0.01263
18065,0.1349,0.0118
18075,0.12819,0.01132
18085,0.13502,0.01266
18095,0.12953,0.0116
18105,0.13075,0.01183
18115,0.12453,0.01146
18125,0.13307,0.0116
18135,0.13405,0.01152
18145,0.13331,0.01175
18155,0.13819,0.01109
18165,0.1349,0.01172
18175,0.12673,0.01163
18185,0.13124,0.01046
18195,0.12539,0.0112
18205,0.12917,0.01166
18215,0.12685,0.01035
18225,0.12819,0.01075
18235,0.13612,0.0114
18245,0.13417,0.01072
18255,0.13002,0.01069
18265,0.13002,0.01118
18275,0.12392,0.01158
18285,0.1227,0.01003
18295,0.12221,0.00966
18305,0.13368,0.01098
18315,0.12258,0.01003
18325,0.1238,0.0106
18335,0.131,0.01083
18345,0.12978,0.01075
18355,0.12783,0.01078
18365,0.1227,0.01055
18375,0.12051,0.01118
18385,0.12246,0.01026
18395,0.13283,0.01112
18405,0.131,0.01138
18415,0.12929,0.01078
18425,0.12868,0.01149
18435,0.131,0.0112
18445,0.12685,0.01038
18455,0.12831,0.01166
18465,0.12185,0.01058
18475,0.1227,0.00998
18485,0.13039,0.01132
18495,0.12234,0.01072
18505,0.12819,0.01109
18515,0.12978,0.01032
18525,0.12685,0.01038
18535,0.12844,0.00986
18545,0.12673,0.01095
18555,0.12441,0.0098
18565,0.12343,0.01126
18575,0.12197,0.01029
18585,0.1299,0.01046
18595,0.12478,0.011
18605,0.12295,0.00989
18615,0.11538,0.01115
18625,0.12039,0.01012
18635,0.12539,0.00892
18645,0.12343,0.01069
18655,0.12014,0.01198
18665,0.12673,0.0116
18675,0.1249,0.01012
18685,0.12331,0.01023
18695,0.13222,0.01032
18705,0.1227,0.01
18715,0.11892,0.01038
18725,0.12429,0.01072
18735,0.12258,0.01123
18745,0.121,0.01115
18755,0.11831,0.00989
18765,0.12331,0.01075
18775,0.12807,0.00952
18785,0.11868,0.01038
18795,0.11868,0.0104
18805,0.11551,0.00955
18815,0.11746,0.0094
18825,0.11734,0.01015
18835,0.12551,0.00966
18845,0.11673,0.01029
18855,0.11526,0.00897
18865,0.11453,0.00975
18875,0.12221,0.00983
18885,0.1216,0.01038
18895,0.12051,0.01006
18905,0.12343,0.00943
18915,0.12295,0.01006
18925,0.11917,0.01
18935,0.10819,0.00995
18945,0.12295,0.00926
18955,0.11746,0.01012
18965,0.11746,0.01066
18975,0.11002,0.0104
18985,0.11843,0.01026
18995,0.11575,0.01095
19005,0.1177,0.01069
19015,0.11124,0.01115
19025,0.12039,0.01035
19035,0.11953,0.009
19045,0.11782,0.0102
19055,0.10831,0.00972
19065,0.11368,0.00983
19075,0.11185,0.01009
19085,0.11173,0.00977
19095,0.10599,0.01009
19105,0.1138,0.01063
19115,0.11404,0.0092
19125,0.11063,0.0094
19135,0.10916,0.01023
19145,0.12221,0.01035
19155,0.11319,0.00872
19165,0.11075,0.01023
19175,0.11294,0.00949
19185,0.11819,0.00975
19195,0.11404,0.01092
19205,0.11575,0.01118
19215,0.11063,0.00946
19225,0.11234,0.00877
19235,0.10819,0.00926
19245,0.1149,0.00983
19255,0.10648,0.00943
19265,0.11355,0.00935
19275,0.10282,0.00957
19285,0.11282,0.00998
19295,0.10538,0.00992
19305,0.10624,0.00943
19315,0.11734,0.01026
19325,0.10782,0.00983
19335,0.11294,0.011
19345,0.10794,0.00983
19355,0.11404,0.00983
19365,0.12246,0.01063
19375,0.10916,0.00992
19385,0.11099,0.0102
19395,0.10977,0.01046
19405,0.11575,0.01012
19415,0.11124,0.01078
19425,0.10075,0.01106
19435,0.1055,0.01109
19445,0.10343,0.01069
19455,0.10514,0.0106
19465,0.1149,0.01032
19475,0.1149,0.01012
19485,0.11124,0.01063
19495,0.10685,0.00957
19505,0.11355,0.01026
19515,0.11051,0.01015
19525,0.11502,0.01115
19535,0.10709,0.00897
19545,0.10355,0.00935
19555,0.10953,0.00975
19565,0.10258,0.00937
19575,0.10758,0.01012
19585,0.09794,0.00915
19595,0.10441,0.00952
19605,0.10697,0.00869
19615,0.10819,0.00986
19625,0.10868,0.00883
19635,0.09977,0.00866
19645,0.10294,0.00915
19655,0.10685,0.00872
19665,0.10672,0.00895
19675,0.09989,0.00909
19685,0.10197,0.0086
19695,0.1038,0.00855
19705,0.11124,0.00872
19715,0.10185,0.00857
19725,0.10697,0.00835
19735,0.10477,0.008
19745,0.09928,0.00955
19755,0.10087,0.00897
19765,0.1016,0.00857
19775,0.09904,0.00835
19785,0.09916,0.00877
19795,0.10611,0.00809
19805,0.10185,0.00852
19815,0.10002,0.00826
19825,0.09794,0.00932
19835,0.10392,0.00915
19845,0.09648,0.0076
19855,0.10136,0.00843
19865,0.10124,0.00863
19875,0.10075,0.0096
19885,0.10453,0.00892
19895,0.10526,0.00817
19905,0.10307,0.00929
19915,0.10624,0.008
19925,0.10099,0.00857
19935,0.10014,0.00897
19945,0.10172,0.00857
19955,0.09745,0.00855
19965,0.10038,0.00815
19975,0.09087,0.0082
19985,0.09831,0.00932
19995,0.10038,0.00726
20005,0.09636,0.00883
20015,0.10355,0.00829
20025,0.10563,0.00912
20035,0.09928,0.00883
20045,0.10246,0.00923
20055,0.0988,0.00857
20065,0.09306,0.00866
20075,0.10014,0.00863
20085,0.1038,0.00923
20095,0.09258,0.008
20105,0.09245,0.00863
20115,0.09733,0.00835
20125,0.1016,0.00895
20135,0.09428,0.00909
20145,0.09233,0.00823
20155,0.09758,0.00777
20165,0.09197,0.00863
20175,0.09977,0.008
20185,0.10136,0.0078
20195,0.10136,0.00877
20205,0.09623,0.00775
20215,0.10026,0.00826
20225,0.09209,0.00826
20235,0.10075,0.00797
20245,0.1066,0.00855
20255,0.0927,0.0088
20265,0.09477,0.00717
20275,0.09843,0.00766
20285,0.0977,0.00877
20295,0.0905,0.00789
20305,0.0977,0.00812
20315,0.09733,0.00903
20325,0.09563,0.00866
20335,0.09282,0.00812
20345,0.09575,0.00706
20355,0.09221,0.00797
20365,0.09209,0.00883
20375,0.09026,0.0084
20385,0.08648,0.00866
20395,0.09636,0.00749
20405,0.09014,0.00769
20415,0.09331,0.0078
20425,0.09538,0.00803
20435,0.08867,0.00815
20445,0.09489,0.0082
20455,0.09184,0.00832
20465,0.09111,0.00746
20475,0.09197,0.00797
20485,0.09343,0.00855
20495,0.0916,0.00789
20505,0.09684,0.00789
20515,0.09087,0.0074
20525,0.0977,0.00849
20535,0.09367,0.00892
20545,0.09221,0.00843
20555,0.09123,0.00797
20565,0.08843,0.00837
20575,0.08892,0.00886
20585,0.08733,0.00789
20595,0.08489,0.00777
20605,0.08672,0.00803
20615,0.09282,0.00823
20625,0.08806,0.00806
20635,0.0844,0.00715
20645,0.08538,0.0082
20655,0.08928,0.00795
20665,0.08209,0.00849
20675,0.09111,0.0082
20685,0.08879,0.00906
20695,0.08757,0.00749
20705,0.0877,0.00797
20715,0.08514,0.00855
20725,0.08099,0.00829
20735,0.09258,0.00826
20745,0.09075,0.00703
20755,0.08623,0.00829
20765,0.0844,0.0074
20775,0.08684,0.00812
20785,0.08611,0.00872
20795,0.09355,0.00746
20805,0.08904,0.00689
20815,0.08684,0.00792
20825,0.08623,0.00783
20835,0.0905,0.00803
20845,0.08428,0.0086
20855,0.08245,0.00823
20865,0.08514,0.00757
20875,0.08379,0.00783
20885,0.08428,0.00823
20895,0.08148,0.00795
20905,0.08209,0.00826
20915,0.09014,0.00837
20925,0.08538,0.0082
20935,0.0827,0.00775
20945,0.08636,0.0068
20955,0.08477,0.00849
20965,0.0827,0.00783
20975,0.08782,0.00772
20985,0.08026,0.00715
20995,0.08209,0.00692
21005,0.08428,0.00829
21015,0.0794,0.00815
21025,0.08245,0.00815
21035,0.08184,0.00772
21045,0.07867,0.008
21055,0.07745,0.00752
21065,0.08294,0.00777
21075,0.08209,0.00709
21085,0.0844,0.00777
21095,0.08001,0.0076
21105,0.0816,0.00732
21115,0.0805,0.00735
21125,0.0844,0.0074
21135,0.08318,0.0078
21145,0.07879,0.00732
21155,0.08209,0.00797
21165,0.08538,0.00835
21175,0.07867,0.00752
21185,0.07818,0.00872
21195,0.08135,0.00823
21205,0.08697,0.008
21215,0.07916,0.00757
21225,0.07709,0.008
21235,0.07501,0.00743
21245,0.08233,0.00837
21255,0.08526,0.00809
21265,0.08111,0.00723
21275,0.07684,0.00777
21285,0.07562,0.00832
21295,0.0744,0.00826
21305,0.0766,0.00729
21315,0.07635,0.00806
21325,0.0827,0.00877
21335,0.08074,0.00732
21345,0.07952,0.00812
21355,0.08087,0.008
21365,0.07489,0.00743
21375,0.07367,0.0074
21385,0.07257,0.00717
21395,0.07269,0.00832
21405,0.0755,0.00803
21415,0.07635,0.00872
21425,0.07672,0.00746
21435,0.07684,0.00855
21445,0.08123,0.00769
21455,0.07928,0.00835
21465,0.07501,0.00815
21475,0.07587,0.00806
21485,0.07538,0.00809
21495,0.07965,0.00743
21505,0.07245,0.00777
21515,0.07757,0.00769
21525,0.07818,0.0088
21535,0.07599,0.00752
21545,0.07367,0.00752
21555,0.08148,0.0082
21565,0.07684,0.00797
21575,0.06977,0.00849
21585,0.06916,0.00812
21595,0.06708,0.00735
21605,0.07416,0.00843
21615,0.07221,0.00743
21625,0.07111,0.00717
21635,0.07111,0.00735
21645,0.07038,0.00777
21655,0.07489,0.00823
21665,0.07574,0.00877
21675,0.07318,0.00806
21685,0.07111,0.0074
21695,0.07489,0.00835
21705,0.07879,0.00797
21715,0.07574,0.00743
21725,0.07257,0.00789
21735,0.07623,0.00755
21745,0.07404,0.00855
21755,0.07257,0.00715
21765,0.07562,0.00769
21775,0.07428,0.0074
21785,0.06952,0.00826
21795,0.07135,0.00803
21805,0.07294,0.00789
21815,0.06769,0.00786
21825,0.0733,0.00852
21835,0.06806,0.00835
21845,0.06916,0.00669
21855,0.07135,0.00846
21865,0.07135,0.0074
21875,0.07318,0.00835
21885,0.06379,0.00723
21895,0.07086,0.00817
21905,0.06403,0.00726
21915,0.07074,0.00732
21925,0.07379,0.00772
21935,0.07147,0.00752
21945,0.0683,0.00826
21955,0.07086,0.00749
21965,0.06769,0.00683
21975,0.06599,0.00755
21985,0.06623,0.00763
21995,0.07135,0.0078
22005,0.07147,0.00817
22015,0.07379,0.00826
22025,0.06477,0.00883
22035,0.06623,0.00803
22045,0.07099,0.00772
22055,0.0666,0.00692
22065,0.06318,0.0076
22075,0.07062,0.00675
22085,0.07001,0.007
22095,0.06769,0.0066
22105,0.06721,0.00803
22115,0.06879,0.0074
22125,0.06696,0.00675
22135,0.06623,0.00726
22145,0.06477,0.00786
22155,0.06916,0.00717
22165,0.06489,0.00712
22175,0.06757,0.00632
22185,0.06147,0.00849
22195,0.06538,0.00777
22205,0.06647,0.007
22215,0.06257,0.00689
22225,0.06355,0.00692
22235,0.06062,0.00743
22245,0.06452,0.0076
22255,0.06464,0.00815
22265,0.06452,0.00677
22275,0.06586,0.00797
22285,0.06965,0.0078
22295,0.0655,0.00735
22305,0.0683,0.00883
22315,0.06257,0.00775
22325,0.06184,0.00726
22335,0.0644,0.00663
22345,0.06233,0.00712
22355,0.0616,0.00749
22365,0.06647,0.00772
22375,0.06891,0.00749
22385,0.06208,0.007
22395,0.06464,0.00683
22405,0.06696,0.00729
22415,0.06294,0.00666
22425,0.0594,0.00683
22435,0.06086,0.00663
22445,0.06525,0.00666
22455,0.06184,0.00692
22465,0.0616,0.00635
22475,0.06452,0.00775
22485,0.06062,0.00729
22495,0.06135,0.00655
22505,0.06123,0.007
22515,0.06623,0.00669
22525,0.05842,0.00652
22535,0.06538,0.00692
22545,0.06013,0.00606
22555,0.06001,0.00703
22565,0.06062,0.00689
22575,0.06672,0.00723
22585,0.06233,0.00617
22595,0.06196,0.0068
22605,0.06489,0.0076
22615,0.06086,0.00677
22625,0.06318,0.0068
22635,0.06135,0.00672
22645,0.0605,0.00732
22655,0.05989,0.0062
22665,0.06306,0.00663
22675,0.06208,0.00706
22685,0.06086,0.00746
22695,0.05867,0.00612
22705,0.06196,0.00763
22715,0.06099,0.00672
22725,0.05916,0.00683
22735,0.05696,0.00655
22745,0.05916,0.00652
22755,0.06355,0.00657
22765,0.06416,0.00715
22775,0.05367,0.00735
22785,0.05623,0.00657
22795,0.06099,0.00703
22805,0.06184,0.00692
22815,0.05635,0.00675
22825,0.06123,0.00697
22835,0.06038,0.006
22845,0.0594,0.00689
22855,0.05867,0.00589
22865,0.05562,0.00692
22875,0.05928,0.00586
22885,0.0572,0.00649
22895,0.0616,0.00637
22905,0.05891,0.00649
22915,0.05806,0.0064
22925,0.05903,0.0054
22935,0.0572,0.00672
22945,0.05269,0.00597
22955,0.06013,0.00672
22965,0.05806,0.00677
22975,0.05964,0.00652
22985,0.05562,0.00669
22995,0.05379,0.006
23005,0.05708,0.0064
23015,0.05501,0.00592
23025,0.05428,0.00637
23035,0.05452,0.00632
23045,0.05562,0.00557
23055,0.06062,0.00617
23065,0.05623,0.00577
23075,0.0555,0.00632
23085,0.05001,0.00623
23095,0.05184,0.00629
23105,0.0583,0.00595
23115,0.05123,0.00632
23125,0.05842,0.00623
23135,0.05379,0.00663
23145,0.05379,0.0058
23155,0.05391,0.00537
23165,0.05086,0.00655
23175,0.05416,0.00709
23185,0.05623,0.00577
23195,0.05769,0.00609
23205,0.05111,0.00583
23215,0.05159,0.0066
23225,0.05037,0.00506
23235,0.05123,0.0058
23245,0.05513,0.00549
23255,0.05586,0.006
23265,0.05306,0.00663
23275,0.05342,0.00629
23285,0.05013,0.00606
23295,0.05428,0.00557
23305,0.05123,0.00595
23315,0.05086,0.00549
23325,0.0522,0.0058
23335,0.05306,0.00489
23345,0.05172,0.00635
23355,0.05355,0.0062
23365,0.05623,0.00517
23375,0.05733,0.00523
23385,0.05769,0.00626
23395,0.05086,0.00566
23405,0.05184,0.00574
23415,0.04586,0.00603
23425,0.04842,0.00669
23435,0.05208,0.00612
23445,0.05245,0.00474
23455,0.05342,0.00646
23465,0.0555,0.00566
23475,0.05635,0.00589
23485,0.04915,0.00566
23495,0.05525,0.0052
23505,0.04891,0.00589
23515,0.05586,0.00569
23525,0.04964,0.00523
23535,0.05086,0.00603
23545,0.05257,0.00497
23555,0.05111,0.00569
23565,0.04879,0.00617
23575,0.05294,0.00597
23585,0.05147,0.00552
23595,0.04793,0.00554
23605,0.05037,0.00595
23615,0.05062,0.00595
23625,0.05172,0.00592
23635,0.04952,0.00583
23645,0.0461,0.00643
23655,0.0533,0.00589
23665,0.05159,0.00532
23675,0.05464,0.00534
23685,0.05476,0.0058
23695,0.04854,0.00554
23705,0.05196,0.00574
23715,0.05281,0.00586
23725,0.0483,0.00592
23735,0.05111,0.00617
23745,0.04915,0.00677
23755,0.05123,0.00595
23765,0.04598,0.00574
23775,0.05086,0.00646
23785,0.04976,0.00572
23795,0.05062,0.00723
23805,0.05245,0.00609
23815,0.04915,0.00574
23825,0.05257,0.00637
23835,0.05123,0.0068
23845,0.04879,0.00646
23855,0.05013,0.00652
23865,0.05184,0.00686
23875,0.04745,0.00569
23885,0.05245,0.00574
23895,0.04903,0.00626
23905,0.04915,0.00626
23915,0.0494,0.0054
23925,0.04842,0.00566
23935,0.04708,0.00554
23945,0.05208,0.00563
23955,0.0461,0.00543
23965,0.05257,0.00609
23975,0.04879,0.00532
23985,0.04562,0.00554
23995,0.05196,0.00603
24005,0.04757,0.00554
24015,0.05025,0.00494
24025,0.0461,0.00494
24035,0.05037,0.00486
24045,0.04842,0.00534
24055,0.04708,0.00552
24065,0.0483,0.00512
24075,0.04891,0.00494
24085,0.04489,0.00489
24095,0.04415,0.00489
24105,0.04769,0.00466
24115,0.04964,0.00477
24125,0.04171,0.00537
24135,0.05111,0.00514
24145,0.04732,0.00537
24155,0.04537,0.00503
24165,0.04903,0.00574
24175,0.04452,0.00543
24185,0.0455,0.00529
24195,0.04586,0.00537
24205,0.04952,0.00572
24215,0.0455,0.00512
24225,0.04598,0.00514
24235,0.04208,0.0054
24245,0.04147,0.00494
24255,0.04537,0.00526
24265,0.04659,0.00529
24275,0.04525,0.0052
24285,0.04171,0.00552
24295,0.04391,0.00512
24305,0.04489,0.00532
24315,0.0444,0.00452
24325,0.04684,0.005
24335,0.04769,0.00466
24345,0.04623,0.0052
24355,0.0483,0.0054
24365,0.04489,0.00572
24375,0.04196,0.00463
24385,0.0461,0.00552
24395,0.04623,0.00466
24405,0.04806,0.0048
24415,0.04586,0.00489
24425,0.04476,0.00514
24435,0.04696,0.0052
24445,0.04574,0.00446
24455,0.04562,0.00449
24465,0.04293,0.00477
24475,0.04745,0.0046
24485,0.0472,0.00489
24495,0.04769,0.00492
24505,0.04208,0.00477
24515,0.05074,0.00492
24525,0.04696,0.00423
24535,0.04391,0.0048
24545,0.0444,0.00497
24555,0.04281,0.00472
24565,0.04354,0.00449
24575,0.04428,0.00492
24585,0.04208,0.00394
24595,0.04379,0.00477
24605,0.04037,0.00417
24615,0.04245,0.00486
24625,0.04184,0.00466
24635,0.04147,0.00457
24645,0.04269,0.00457
24655,0.04306,0.00486
24665,0.04537,0.0046
24675,0.04489,0.0046
24685,0.04367,0.00412
24695,0.04232,0.00469
24705,0.04074,0.00409
24715,0.04293,0.0046
24725,0.04135,0.00474
24735,0.04208,0.00434
24745,0.04086,0.0048
24755,0.04525,0.00492
24765,0.04489,0.00486
24775,0.04867,0.00466
24785,0.0411,0.00417
24795,0.04562,0.00463
24805,0.04196,0.00466
24815,0.04562,0.00409
24825,0.04293,0.00412
24835,0.04196,0.0052
24845,0.04525,0.004
24855,0.04379,0.00457
24865,0.04037,0.00414
24875,0.04086,0.00474
24885,0.04367,0.00417
24895,0.0372,0.00354
24905,0.04354,0.00446
24915,0.0411,0.00426
24925,0.04074,0.00457
24935,0.03976,0.00409
24945,0.04415,0.00489
24955,0.03805,0.00452
24965,0.03891,0.0044
24975,0.04159,0.00406
24985,0.04232,0.00486
24995,0.04208,0.00486
25005,0.04196,0.00394
25015,0.03574,0.0046
25025,0.04647,0.0044
25035,0.03732,0.00429
25045,0.04232,0.00377
25055,0.04098,0.0044
25065,0.0394,0.00449
25075,0.0383,0.00409
25085,0.04049,0.00417
25095,0.03891,0.00403
25105,0.03745,0.00452
25115,0.03866,0.00429
25125,0.03805,0.00443
25135,0.04025,0.00392
25145,0.03647,0.00452
25155,0.04086,0.00414
25165,0.04123,0.00437
25175,0.04013,0.00363
25185,0.03988,0.00417
25195,0.04306,0.00397
25205,0.03927,0.00383
25215,0.03854,0.00423
25225,0.0411,0.00429
25235,0.03988,0.00397
25245,0.03659,0.00423
25255,0.03684,0.00374
25265,0.03793,0.00432
25275,0.04037,0.00366
25285,0.03635,0.00426
25295,0.0383,0.00383
25305,0.0372,0.00389
25315,0.0383,0.00426
25325,0.03915,0.00394
25335,0.0383,0.00472
25345,0.0383,0.00483
25355,0.04123,0.0042
25365,0.03549,0.0038
25375,0.04306,0.00397
25385,0.04245,0.00437
25395,0.03866,0.00437
25405,0.03549,0.00372
25415,0.03781,0.00403
25425,0.03757,0.00397
25435,0.03745,0.00403
25445,0.03671,0.00372
25455,0.04013,0.00389
25465,0.03988,0.00423
25475,0.03525,0.00434
25485,0.03476,0.00443
25495,0.03793,0.0036
25505,0.04171,0.00374
25515,0.03842,0.00457
25525,0.03574,0.00392
25535,0.0394,0.00406
25545,0.03976,0.00417
25555,0.03964,0.00349
25565,0.03562,0.00374
25575,0.0383,0.0036
25585,0.03598,0.00357
25595,0.03623,0.00332
25605,0.03476,0.00374
25615,0.03854,0.00357
25625,0.03623,0.00363
25635,0.03818,0.00389
25645,0.03476,0.00406
25655,0.03476,0.00406
25665,0.03586,0.00329
25675,0.03842,0.00369
25685,0.03671,0.00366
25695,0.03293,0.0036
25705,0.03659,0.0038
25715,0.03696,0.00354
25725,0.03427,0.00352
25735,0.0322,0.00337
25745,0.03562,0.00423
25755,0.0383,0.00334
25765,0.03818,0.0044
25775,0.03586,0.00346
25785,0.03671,0.00334
25795,0.0383,0.00363
25805,0.03647,0.00363
25815,0.03781,0.00349
25825,0.03537,0.00354
25835,0.03647,0.0036
25845,0.04281,0.00309
25855,0.04037,0.00357
25865,0.03452,0.00309
25875,0.03525,0.00343
25885,0.03232,0.00317
25895,0.03488,0.00349
25905,0.03927,0.00337
25915,0.0361,0.0032
25925,0.0383,0.00349
25935,0.03635,0.00349
25945,0.03379,0.00372
25955,0.03684,0.0036
25965,0.03488,0.00403
25975,0.0372,0.00297
25985,0.03842,0.00329
25995,0.03586,0.0032
26005,0.03549,0.00312
26015,0.03562,0.00349
26025,0.03635,0.00363
26035,0.03745,0.00326
26045,0.03891,0.00426
26055,0.03574,0.00272
26065,0.03927,0.00306
26075,0.03537,0.00357
26085,0.03574,0.00303
26095,0.03415,0.00332
26105,0.03659,0.00357
26115,0.03403,0.00374
26125,0.03501,0.00337
26135,0.03269,0.00297
26145,0.03061,0.00357
26155,0.03818,0.00377
26165,0.0344,0.00309
26175,0.03781,0.00326
26185,0.03293,0.00329
26195,0.0344,0.00386
26205,0.03147,0.00366
26215,0.03696,0.00349
26225,0.0344,0.00297
26235,0.03757,0.00363
26245,0.03305,0.00337
26255,0.03415,0.0034
26265,0.03305,0.0036
26275,0.0344,0.00326
26285,0.03586,0.00314
26295,0.0344,0.00309
26305,0.03647,0.003
26315,0.03366,0.00323
26325,0.03379,0.00306
26335,0.04037,0.00317
26345,0.03708,0.00352
26355,0.03574,0.00314
26365,0.0322,0.00303
26375,0.02988,0.003
26385,0.0344,0.00369
26395,0.03061,0.00289
26405,0.03171,0.00334
26415,0.03244,0.00292
26425,0.03635,0.00312
26435,0.03647,0.00274
26445,0.03379,0.00286
26455,0.03366,0.00297
26465,0.0322,0.00312
26475,0.03525,0.0032
26485,0.03318,0.00329
26495,0.03403,0.00252
26505,0.03562,0.00303
26515,0.03074,0.00312
26525,0.03513,0.00274
26535,0.03061,0.00343
26545,0.03488,0.00303
26555,0.03732,0.00352
26565,0.03183,0.00277
26575,0.03318,0.00303
26585,0.0333,0.0026
26595,0.03354,0.00292
26605,0.03037,0.00312
26615,0.03464,0.00329
26625,0.03464,0.00269
26635,0.03318,0.0036
26645,0.03403,0.00326
26655,0.03452,0.00286
26665,0.03769,0.00337
26675,0.03562,0.00237
26685,0.03159,0.00263
26695,0.03525,0.00272
26705,0.02891,0.00286
26715,0.03415,0.00312
26725,0.03366,0.00312
26735,0.03074,0.00274
26745,0.03488,0.00286
26755,0.03257,0.00283
26765,0.02988,0.00246
26775,0.03281,0.00274
26785,0.02976,0.00246
26795,0.03379,0.00306
26805,0.03086,0.00306
26815,0.03342,0.00283
26825,0.03183,0.00252
26835,0.03257,0.00289
26845,0.03342,0.00272
26855,0.03244,0.00306
26865,0.03293,0.00249
26875,0.0322,0.00214
26885,0.03025,0.00306
26895,0.03122,0.00294
26905,0.03037,0.00274
26915,0.03427,0.00263
26925,0.02988,0.00286
26935,0.03171,0.00277
26945,0.02976,0.00283
26955,0.03464,0.00272
26965,0.03159,0.00389
26975,0.03354,0.0028
26985,0.02793,0.00254
26995,0.03171,0.00234
27005,0.03354,0.0028
27015,0.03159,0.0028
27025,0.03305,0.00277
27035,0.03647,0.00332
27045,0.03074,0.00243
27055,0.03171,0.00263
27065,0.03183,0.0026
27075,0.02732,0.00269
27085,0.03244,0.00234
27095,0.02964,0.00323
27105,0.03427,0.00254
27115,0.02854,0.00263
27125,0.02879,0.00237
27135,0.03366,0.00277
27145,0.02964,0.00272
27155,0.03366,0.00249
27165,0.03074,0.00246
27175,0.03183,0.00306
27185,0.03208,0.00277
27195,0.03208,0.003
27205,0.03,0.00294
27215,0.03208,0.00243
27225,0.03159,0.00292
27235,0.03074,0.00317
27245,0.03183,0.00266
27255,0.02879,0.00283
27265,0.02939,0.00254
27275,0.02891,0.00226
27285,0.03061,0.00269
27295,0.03354,0.00292
27305,0.03013,0.00337
27315,0.03135,0.00303
27325,0.02927,0.00257
27335,0.0333,0.003
27345,0.03525,0.00277
27355,0.02964,0.00194
27365,0.03049,0.00217
27375,0.03147,0.00277
27385,0.0333,0.00226
27395,0.03013,0.00303
27405,0.03257,0.003
27415,0.03135,0.00263
27425,0.03257,0.00237
27435,0.03,0.00312
27445,0.03147,0.00226
27455,0.03086,0.00294
27465,0.03098,0.00314
27475,0.02818,0.00191
27485,0.02903,0.00292
27495,0.03403,0.00257
27505,0.03086,0.00223
27515,0.02805,0.00269
27525,0.02952,0.0032
27535,0.03183,0.0024
27545,0.03183,0.00272
27555,0.0261,0.00217
27565,0.02805,0.0024
27575,0.02915,0.0022
27585,0.02793,0.00257
27595,0.03196,0.00263
27605,0.03183,0.00257
27615,0.03098,0.00263
27625,0.03086,0.00237
27635,0.02683,0.00249
27645,0.02988,0.00232
27655,0.03,0.00223
27665,0.02988,0.00223
27675,0.03403,0.00237
27685,0.02818,0.00274
27695,0.02903,0.00263
27705,0.03183,0.00249
27715,0.02976,0.00286
27725,0.02976,0.00246
27735,0.02769,0.00286
27745,0.0272,0.00254
27755,0.02939,0.00252
27765,0.02879,0.00269
27775,0.03,0.0024
27785,0.02976,0.00254
27795,0.02842,0.00209
27805,0.02842,0.00266
27815,0.03476,0.00232
27825,0.03318,0.00197
27835,0.02769,0.00277
27845,0.0311,0.0022
27855,0.03074,0.00169
27865,0.02915,0.00234
27875,0.02842,0.00212
27885,0.02793,0.00234
27895,0.02903,0.00254
27905,0.02927,0.00191
27915,0.03049,0.00232
27925,0.02586,0.00209
27935,0.0322,0.00252
27945,0.02927,0.00232
27955,0.02757,0.00217
27965,0.02842,0.0022
27975,0.02988,0.00234
27985,0.02891,0.00246
27995,0.02659,0.00206
28005,0.02744,0.00243
28015,0.03122,0.0016
28025,0.02818,0.00229
28035,0.02805,0.00257
28045,0.02915,0.00237
28055,0.03074,0.00226
28065,0.03,0.00234
28075,0.0283,0.00243
28085,0.02793,0.00197
28095,0.02696,0.00217
28105,0.02879,0.00254
28115,0.02805,0.0018
28125,0.02854,0.00254
28135,0.02976,0.00223
28145,0.02683,0.00191
28155,0.02879,0.00237
28165,0.02818,0.00229
28175,0.02708,0.00209
28185,0.0283,0.00229
28195,0.02952,0.00214
28205,0.02793,0.00217
28215,0.02927,0.00249
28225,0.02891,0.00157
28235,0.03147,0.00263
28245,0.02952,0.00252
28255,0.0322,0.00246
28265,0.03171,0.00249
28275,0.03013,0.0024
28285,0.02378,0.00214
28295,0.02549,0.00234
28305,0.02891,0.00203
28315,0.02988,0.00229
28325,0.02635,0.00226
28335,0.03049,0.00243
28345,0.02818,0.00226
28355,0.03013,0.00189
28365,0.02439,0.00237
28375,0.0283,0.00232
28385,0.02915,0.00209
28395,0.02781,0.00206
28405,0.02635,0.00226
28415,0.02513,0.00206
28425,0.0322,0.00209
28435,0.02635,0.00206
28445,0.03025,0.00223
28455,0.02781,0.00206
28465,0.02635,0.00214
28475,0.02879,0.00226
28485,0.02708,0.00203
28495,0.03049,0.00209
28505,0.02964,0.00223
28515,0.02549,0.00232
28525,0.02696,0.00223
28535,0.02793,0.00189
28545,0.0283,0.00189
28555,0.0272,0.00166
28565,0.02598,0.0022
28575,0.0272,0.00191
28585,0.02805,0.00269
28595,0.02854,0.002
28605,0.02891,0.0026
28615,0.02854,0.00191
28625,0.02683,0.00191
28635,0.02744,0.00183
28645,0.02683,0.00197
28655,0.02513,0.00194
28665,0.02598,0.00194
28675,0.02537,0.0018
28685,0.02744,0.00223
28695,0.02805,0.00177
28705,0.02879,0.00209
28715,0.03061,0.00157
28725,0.02659,0.00191
28735,0.0261,0.00252
28745,0.02842,0.00232
28755,0.02561,0.00191
28765,0.02622,0.00191
28775,0.02952,0.00214
28785,0.02744,0.00191
28795,0.02708,0.00214
28805,0.02574,0.00171
28815,0.03,0.00191
28825,0.02598,0.00177
28835,0.02866,0.00186
28845,0.02561,0.00163
28855,0.02659,0.00217
28865,0.02769,0.00163
28875,0.02561,0.00226
28885,0.02549,0.00171
28895,0.02622,0.00177
28905,0.02744,0.00203
28915,0.02732,0.0022
28925,0.025,0.00203
28935,0.025,0.002
28945,0.02854,0.00212
28955,0.02805,0.00191
28965,0.02586,0.00191
28975,0.02549,0.00209
28985,0.02939,0.00254
28995,0.02561,0.00171
29005,0.02818,0.00217
29015,0.02866,0.00214
29025,0.02549,0.00174
29035,0.02525,0.00191
29045,0.02818,0.00186
29055,0.02549,0.002
29065,0.02927,0.0024
29075,0.02622,0.00206
29085,0.02305,0.00209
29095,0.02391,0.0022
29105,0.02452,0.00174
29115,0.02488,0.00197
29125,0.02598,0.00177
29135,0.02269,0.00191
29145,0.02732,0.00186
29155,0.02488,0.00206
29165,0.02586,0.00212
29175,0.02659,0.002
29185,0.02683,0.00223
29195,0.02635,0.0016
29205,0.02732,0.00189
29215,0.02439,0.00174
29225,0.02939,0.00151
29235,0.02732,0.0016
29245,0.02403,0.00214
29255,0.02598,0.00169
29265,0.02244,0.00154
29275,0.02915,0.00197
29285,0.02464,0.0018
29295,0.02513,0.00194
29305,0.02744,0.00246
29315,0.02537,0.00189
29325,0.02476,0.00154
29335,0.02366,0.00189
29345,0.02854,0.0018
29355,0.02671,0.002
29365,0.02732,0.00177
29375,0.02854,0.00186
29385,0.02342,0.00214
29395,0.02415,0.00169
29405,0.02586,0.00209
29415,0.02452,0.00177
29425,0.02757,0.00206
29435,0.0261,0.00177
29445,0.02574,0.00212
29455,0.02525,0.00166
29465,0.02732,0.00197
29475,0.02574,0.00203
29485,0.02659,0.00177
29495,0.02708,0.00166
29505,0.02366,0.00174
29515,0.02622,0.00183
29525,0.02317,0.002
29535,0.02647,0.00191
29545,0.02586,0.00163
29555,0.02574,0.00194
29565,0.02708,0.00154
29575,0.02586,0.00191
29585,0.02378,0.00186
29595,0.02635,0.00194
29605,0.0272,0.00183
29615,0.02525,0.00186
29625,0.03,0.00154
29635,0.02854,0.00169
29645,0.02525,0.00174
29655,0.02476,0.00186
29665,0.02879,0.00169
29675,0.02281,0.00149
29685,0.02732,0.00126
29695,0.02708,0.00177
29705,0.02342,0.00177
29715,0.02805,0.00143
29725,0.02427,0.00149
29735,0.02622,0.00189
29745,0.02403,0.00171
29755,0.025,0.0018
29765,0.02781,0.00149
29775,0.025,0.00163
29785,0.02464,0.00212
29795,0.02513,0.00212
29805,0.02659,0.00194
29815,0.02598,0.00183
29825,0.02708,0.00194
29835,0.02683,0.0018
29845,0.02513,0.00171
29855,0.02647,0.00171
29865,0.02415,0.002
29875,0.02805,0.00212
29885,0.02391,0.0022
29895,0.02403,0.00171
29905,0.02976,0.00171
29915,0.02439,0.0014
29925,0.02427,0.00171
29935,0.02256,0.00191
29945,0.025,0.00194
29955,0.02549,0.00177
29965,0.02354,0.00154
29975,0.02513,0.0018
29985,0.02366,0.0018
29995,0.02342,0.00171
30005,0.02244,0.00166
30015,0.02476,0.00189
30025,0.025,0.00186
30035,0.0261,0.00146
30045,0.02513,0.00169
30055,0.02427,0.00183
30065,0.02561,0.00157
30075,0.02635,0.00146
30085,0.02354,0.00189
30095,0.02537,0.00169
30105,0.02256,0.00191
30115,0.0261,0.00169
30125,0.02452,0.00174
30135,0.02488,0.00186
30145,0.025,0.00197
30155,0.02342,0.00143
30165,0.02427,0.00194
30175,0.0272,0.00149
30185,0.02269,0.00169
30195,0.02574,0.00174
30205,0.02598,0.00169
30215,0.02476,0.00166
30225,0.02122,0.00194
30235,0.02378,0.0016
30245,0.02757,0.00169
30255,0.02549,0.00163
30265,0.02452,0.00157
30275,0.02378,0.00169
30285,0.02525,0.00169
30295,0.02195,0.00171
30305,0.02537,0.00183
30315,0.02195,0.00154
30325,0.02439,0.00174
30335,0.02232,0.00154
30345,0.02488,0.00209
30355,0.025,0.00163
30365,0.0222,0.00157
30375,0.02256,0.00171
30385,0.02317,0.00171
30395,0.02317,0.0014
30405,0.02244,0.00174
30415,0.025,0.0016
30425,0.02391,0.00189
30435,0.02622,0.0018
30445,0.02354,0.00177
30455,0.02427,0.00174
30465,0.02622,0.00191
30475,0.02293,0.00149
30485,0.02452,0.00186
30495,0.02647,0.00163
30505,0.02305,0.00157
30515,0.0233,0.00146
30525,0.02208,0.00157
30535,0.02464,0.00166
30545,0.02293,0.00214
30555,0.02342,0.00157
30565,0.02525,0.00163
30575,0.02269,0.0018
30585,0.02232,0.00174
30595,0.02147,0.00163
30605,0.0211,0.00169
30615,0.02195,0.00169
30625,0.02208,0.00157
30635,0.02049,0.00174
30645,0.0233,0.00163
30655,0.02391,0.00174
30665,0.02244,0.00129
30675,0.0211,0.00163
30685,0.02281,0.00123
30695,0.02439,0.00137
30705,0.02256,0.0022
30715,0.02342,0.00169
30725,0.02195,0.00191
30735,0.02366,0.00154
30745,0.02464,0.00206
30755,0.01976,0.00163
30765,0.02366,0.00157
30775,0.02403,0.00154
30785,0.02342,0.00157
30795,0.02244,0.00157
30805,0.02415,0.0014
30815,0.02208,0.00146
30825,0.02452,0.00143
30835,0.02122,0.00151
30845,0.02269,0.00166
30855,0.02305,0.00146
30865,0.02378,0.00174
30875,0.02378,0.0016
30885,0.02159,0.00157
30895,0.0233,0.00149
30905,0.02232,0.00206
30915,0.02256,0.00134
30925,0.02354,0.00151
30935,0.02293,0.00129
30945,0.02403,0.00149
30955,0.02256,0.00151
30965,0.0211,0.00166
30975,0.02354,0.00189
30985,0.02415,0.00157
30995,0.02269,0.00154
31005,0.02439,0.00149
31015,0.02525,0.00177
31025,0.0211,0.00166
31035,0.02293,0.00186
31045,0.02122,0.00183
31055,0.02354,0.00126
31065,0.02635,0.00146
31075,0.0222,0.00169
31085,0.0211,0.00151
31095,0.02452,0.0018
31105,0.02415,0.00154
31115,0.0222,0.00183
31125,0.02269,0.00163
31135,0.02,0.00183
31145,0.02232,0.00151
31155,0.02037,0.00163
31165,0.02415,0.00183
31175,0.01952,0.00169
31185,0.02293,0.0016
31195,0.02305,0.00183
31205,0.02293,0.00146
31215,0.01866,0.00146
31225,0.02208,0.00166
31235,0.02342,0.0016
31245,0.02317,0.00166
31255,0.02464,0.0018
31265,0.02134,0.00129
31275,0.02427,0.00157
31285,0.02488,0.00157
31295,0.02159,0.00177
31305,0.02427,0.00123
31315,0.02208,0.00169
31325,0.01927,0.0018
31335,0.02037,0.00149
31345,0.02281,0.0014
31355,0.02403,0.00143
31365,0.01891,0.00154
31375,0.0233,0.00146
31385,0.02086,0.00146
31395,0.0222,0.00169
31405,0.02232,0.00151
31415,0.01817,0.00134
31425,0.02098,0.0016
31435,0.02061,0.00129
31445,0.02074,0.00131
31455,0.02049,0.00131
31465,0.02,0.00129
31475,0.02256,0.00129
31485,0.02147,0.00169
31495,0.01903,0.00134
31505,0.02134,0.0014
31515,0.02147,0.00109
31525,0.01927,0.00169
31535,0.02013,0.00174
31545,0.02074,0.00126
31555,0.02415,0.00157
31565,0.02037,0.00114
31575,0.01964,0.00131
31585,0.02366,0.00131
31595,0.01952,0.00134
31605,0.01976,0.00183
31615,0.02061,0.0018
31625,0.02061,0.00137
31635,0.01878,0.00129
31645,0.02232,0.00143
31655,0.02061,0.0014
31665,0.01939,0.00169
31675,0.02049,0.00157
31685,0.01927,0.0012
31695,0.0172,0.0012
31705,0.02195,0.0016
31715,0.02244,0.00143
31725,0.01939,0.0016
31735,0.02378,0.00151
31745,0.02086,0.00134
31755,0.02122,0.00137
31765,0.02244,0.00146
31775,0.02269,0.00169
31785,0.01793,0.00177
31795,0.02256,9.72E-04
31805,0.02013,0.00163
31815,0.01769,0.00146
31825,0.02232,0.00174
31835,0.02061,0.0016
31845,0.0222,0.00137
31855,0.02147,0.00137
31865,0.01854,0.00166
31875,0.01939,0.00197
31885,0.01793,0.00163
31895,0.02098,0.00143
31905,0.02269,0.002
31915,0.01878,0.00129
31925,0.02256,0.00131
31935,0.02013,0.00169
31945,0.02037,0.00154
31955,0.02195,0.00149
31965,0.01903,0.00131
31975,0.01903,0.00151
31985,0.02049,0.00109
31995,0.02074,0.00146
32005,0.01744,0.00129
32015,0.02061,0.00149
32025,0.01988,0.00143
32035,0.0233,0.00129
32045,0.02074,0.00146
32055,0.02147,0.00117
32065,0.02025,0.00149
32075,0.01952,0.0014
32085,0.02013,0.00154
32095,0.01903,0.00126
32105,0.02256,0.00197
32115,0.01891,0.00134
32125,0.01695,0.0014
32135,0.01952,0.00149
32145,0.02049,0.00149
32155,0.01939,0.0012
32165,0.01952,0.00163
32175,0.01952,0.00111
32185,0.01939,0.002
32195,0.02061,0.00163
32205,0.01732,0.0012
32215,0.01842,0.00129
32225,0.01866,0.00123
32235,0.02,0.00129
32245,0.02256,0.0016
32255,0.01817,0.00149
32265,0.02049,0.0012
32275,0.01952,0.00157
32285,0.01952,0.00117
32295,0.01842,0.0012
32305,0.02049,0.00154
32315,0.01817,0.00126
32325,0.01793,0.00117
32335,0.01903,0.00131
32345,0.0183,0.00134
32355,0.01915,0.00149
32365,0.01854,0.00114
32375,0.01781,0.00134
32385,0.01817,0.00143
32395,0.01769,0.00126
32405,0.02171,0.00163
32415,0.01903,0.00134
32425,0.01939,0.00151
32435,0.01915,0.0014
32445,0.02134,0.00169
32455,0.01854,0.00131
32465,0.01756,0.00126
32475,0.01964,0.00117
32485,0.01659,0.00114
32495,0.0183,0.00151
32505,0.01842,0.00137
32515,0.02,0.00123
32525,0.01915,0.00126
32535,0.01964,0.0012
32545,0.02195,0.00111
32555,0.02195,0.00111
32565,0.01805,0.00151
32575,0.01793,0.00111
32585,0.01976,0.00137
32595,0.01915,0.00137
32605,0.01915,0.00169
32615,0.01915,0.00131
32625,0.02049,0.00126
32635,0.01732,0.00131
32645,0.01793,0.00109
32655,0.01683,0.00129
32665,0.0211,0.00109
32675,0.01952,0.00137
32685,0.01915,0.00151
32695,0.0172,0.00137
32705,0.01586,0.00137
32715,0.01622,0.00177
32725,0.01793,0.0012
32735,0.02061,0.0012
32745,0.02049,0.00126
32755,0.01634,0.00146
32765,0.02037,0.00123
32775,0.01866,0.00143
32785,0.02,0.00137
32795,0.01756,0.00143
32805,0.0172,0.00134
32815,0.01683,0.00149
32825,0.01573,0.00146
32835,0.01939,0.00143
32845,0.01561,0.00103
32855,0.02025,0.00126
32865,0.02147,0.00123
32875,0.01817,0.00134
32885,0.02037,0.00166
32895,0.01817,0.00117
32905,0.02061,0.00106
32915,0.01634,0.00151
32925,0.01573,0.00134
32935,0.01549,0.0012
32945,0.01708,0.00126
32955,0.01451,0.00103
32965,0.01891,0.00129
32975,0.01866,0.00137
32985,0.01708,0.001
32995,0.01756,0.00134
33005,0.01781,0.00114
33015,0.01695,0.00111
33025,0.01781,0.00126
33035,0.01708,0.00149
33045,0.01732,0.00154
33055,0.01634,0.001
33065,0.01744,0.00114
33075,0.02013,0.00134
33085,0.01939,0.00149
33095,0.01732,0.00109
33105,0.01647,0.00111
33115,0.01647,0.00183
33125,0.01891,0.0014
33135,0.01769,0.00129
33145,0.01537,0.00131
33155,0.01964,0.00123
33165,0.01756,0.0012
33175,0.01598,9.72E-04
33185,0.01891,0.00111
33195,0.01903,0.00137
33205,0.01854,0.00151
33215,0.01903,0.00137
33225,0.01647,0.00117
33235,0.01476,0.00109
33245,0.01769,0.00157
33255,0.01622,0.00114
33265,0.01817,0.00123
33275,0.01842,0.00111
33285,0.01854,0.00117
33295,0.01634,0.00131
33305,0.01756,0.001
33315,0.01573,0.001
33325,0.01732,0.00111
33335,0.01781,0.0012
33345,0.01805,9.15E-04
33355,0.01671,0.00109
33365,0.01964,0.00111
33375,0.01598,0.00134
33385,0.01769,0.00109
33395,0.01744,0.0014
33405,0.01561,0.00137
33415,0.01903,0.00129
33425,0.01793,0.00114
33435,0.01769,0.00111
33445,0.01647,0.00111
33455,0.0172,0.00157
33465,0.0211,0.00111
33475,0.015,0.00143
33485,0.01781,0.00117
33495,0.01561,0.0014
33505,0.01732,0.0014
33515,0.01708,0.001
33525,0.01561,0.00117
33535,0.01842,0.00114
33545,0.01842,0.00129
33555,0.01866,0.0012
33565,0.01549,0.00129
33575,0.01732,0.00117
33585,0.01525,9.15E-04
33595,0.01586,0.0012
33605,0.01744,0.00106
33615,0.01659,0.00123
33625,0.0183,0.00131
33635,0.01756,0.00109
33645,0.01634,0.00117
33655,0.01964,0.00129
33665,0.01634,9.72E-04
33675,0.01647,9.72E-04
33685,0.01512,0.00129
33695,0.01769,0.00106
33705,0.01598,0.00103
33715,0.01586,9.43E-04
33725,0.0161,0.00126
33735,0.01659,0.00106
33745,0.01598,0.0014
33755,0.01525,0.0012
33765,0.01634,9.72E-04
33775,0.01671,0.00126
33785,0.0172,0.00106
33795,0.01695,0.00117
33805,0.01793,0.00103
33815,0.01817,0.00157
33825,0.01525,9.15E-04
33835,0.01769,0.00123
33845,0.01439,0.00123
33855,0.015,0.00126
33865,0.01427,0.00117
33875,0.01378,9.43E-04
33885,0.01647,0.00134
33895,0.01427,9.72E-04
33905,0.01451,0.00134
33915,0.01805,0.00114
33925,0.01683,0.00143
33935,0.01854,0.00129
33945,0.0172,0.00117
33955,0.01708,9.43E-04
33965,0.01671,0.0014
33975,0.01586,0.00126
33985,0.01647,0.00109
33995,0.01525,0.0012
34005,0.0172,0.00111
34015,0.01415,0.00106
34025,0.01537,0.001
34035,0.01549,8.57E-04
34045,0.01756,0.00146
34055,0.01537,0.00123
34065,0.01647,0.00103
34075,0.01622,0.00114
34085,0.01598,0.00117
34095,0.01561,9.15E-04
34105,0.01549,0.00111
34115,0.01366,0.00126
34125,0.01525,9.72E-04
34135,0.01598,0.00109
34145,0.01671,0.00123
34155,0.01647,0.00143
34165,0.01769,0.00114
34175,0.01488,0.00106
34185,0.01586,0.001
34195,0.01244,0.00137
34205,0.01354,6.86E-04
34215,0.01208,8.57E-04
34225,0.01622,0.0012
34235,0.01439,0.0012
34245,0.01769,8.86E-04
34255,0.01366,8.29E-04
34265,0.01427,0.00106
34275,0.01537,0.001
34285,0.01622,0.00123
34295,0.01586,0.00129
34305,0.01464,0.00134
34315,0.01561,0.0012
34325,0.01878,9.43E-04
34335,0.01354,0.00103
34345,0.01403,0.00111
34355,0.0183,0.00106
34365,0.01476,0.00134
34375,0.01634,0.00117
34385,0.01244,0.00103
34395,0.01427,0.00117
34405,0.01622,0.0012
34415,0.01647,0.00103
34425,0.01683,0.00123
34435,0.01476,0.00129
34445,0.01561,0.00129
34455,0.01647,0.00106
34465,0.01732,7.72E-04
34475,0.01488,0.00114
34485,0.01415,0.00106
34495,0.01708,0.00111
34505,0.01573,0.00117
34515,0.01403,7.15E-04
34525,0.01293,8.29E-04
34535,0.015,0.00103
34545,0.01586,9.72E-04
34555,0.01512,0.00109
34565,0.01403,0.00126
34575,0.01451,9.72E-04
34585,0.0172,0.0012
34595,0.01488,7.72E-04
34605,0.015,0.00109
34615,0.01451,9.72E-04
34625,0.01525,0.00117
34635,0.0139,0.00109
34645,0.01586,9.15E-04
34655,0.01561,0.00103
34665,0.01586,9.43E-04
34675,0.01476,8.86E-04
34685,0.01476,9.43E-04
34695,0.01573,0.001
34705,0.01439,0.00114
34715,0.01317,0.0012
34725,0.01634,0.00106
34735,0.01476,0.00103
34745,0.01281,0.00117
34755,0.01488,0.00114
34765,0.01598,7.15E-04
34775,0.0139,0.00123
34785,0.01378,0.00111
34795,0.01476,0.001
34805,0.01281,0.00103
34815,0.01537,9.43E-04
34825,0.01378,8.86E-04
34835,0.01525,9.43E-04
34845,0.01439,0.00106
34855,0.01561,6.86E-04
34865,0.01683,8.57E-04
34875,0.01476,0.00106
34885,0.01512,7.72E-04
34895,0.01451,0.00103
34905,0.01415,0.00109
34915,0.01464,0.00106
34925,0.0122,0.00114
34935,0.01476,0.00106
34945,0.01195,9.72E-04
34955,0.01281,9.72E-04
34965,0.01573,9.72E-04
34975,0.01488,0.00106
34985,0.01439,9.72E-04
34995,0.01281,0.00129
35005,0.01439,8.86E-04
35015,0.01378,0.00106
35025,0.0161,9.15E-04
35035,0.01537,0.0012
35045,0.01293,0.00111
35055,0.01086,0.00109
35065,0.01256,8.57E-04
35075,0.01183,8.29E-04
35085,0.01573,9.43E-04
35095,0.01232,8.29E-04
35105,0.01622,9.15E-04
35115,0.01244,9.72E-04
35125,0.01244,0.00106
35135,0.01464,0.00117
35145,0.01427,9.43E-04
35155,0.01244,8.86E-04
35165,0.01451,6.57E-04
35175,0.01317,9.43E-04
35185,0.01439,8.57E-04
35195,0.0139,9.72E-04
35205,0.01293,0.00103
35215,0.0122,8.86E-04
35225,0.01354,9.43E-04
35235,0.0111,7.43E-04
35245,0.01281,9.43E-04
35255,0.01281,8.86E-04
35265,0.01244,0.00106
35275,0.01159,6.86E-04
35285,0.01317,0.0012
35295,0.01512,7.15E-04
35305,0.01256,9.43E-04
35315,0.01244,0.00103
35325,0.01208,8.29E-04
35335,0.01244,0.00103
35345,0.01561,0.00117
35355,0.01171,0.00103
35365,0.01476,8.57E-04
35375,0.01256,7.43E-04
35385,0.01439,8.86E-04
35395,0.01451,0.00109
35405,0.01476,9.15E-04
35415,0.01317,0.00103
35425,0.0139,8.86E-04
35435,0.01439,6.57E-04
35445,0.01073,6.57E-04
35455,0.01329,9.15E-04
35465,0.01464,0.00129
35475,0.01305,7.72E-04
35485,0.01183,9.15E-04
35495,0.01098,8.29E-04
35505,0.01378,8.57E-04
35515,0.01293,9.72E-04
35525,0.0111,8.57E-04
35535,0.01451,0.00123
35545,0.01134,8.57E-04
35555,0.01159,0.00117
35565,0.01354,0.00111
35575,0.01293,0.00111
35585,0.01342,7.43E-04
35595,0.01244,9.15E-04
35605,0.01329,7.15E-04
35615,0.01183,0.00109
35625,0.0122,8.29E-04
35635,0.01268,8.29E-04
35645,0.01195,6.86E-04
35655,0.01122,8.00E-04
35665,0.01366,0.00114
35675,0.01488,6.29E-04
35685,0.01281,0.001
35695,0.01293,6.57E-04
35705,0.01354,8.29E-04
35715,0.01281,8.29E-04
35725,0.01049,6.29E-04
35735,0.0122,6.00E-04
35745,0.01244,8.29E-04
35755,0.01305,0.00123
35765,0.01232,8.86E-04
35775,0.0111,7.72E-04
35785,0.01098,8.00E-04
35795,0.01317,0.001
35805,0.0122,8.86E-04
35815,0.01171,8.29E-04
35825,0.01183,0.00103
35835,0.01305,7.72E-04
35845,0.01268,0.00117
35855,0.01098,8.29E-04
35865,0.01098,0.00109
35875,0.01195,8.00E-04
35885,0.01061,6.00E-04
35895,0.01488,8.00E-04
35905,0.01451,9.72E-04
35915,0.01122,0.00114
35925,0.01293,7.15E-04
35935,0.01037,9.15E-04
35945,0.01208,0.00103
35955,0.01305,8.29E-04
35965,0.01305,5.72E-04
35975,0.01244,0.0014
35985,0.01122,0.00114
35995,0.00939,6.29E-04
36005,0.01244,8.86E-04
36015,0.01037,0.00109
36025,0.01122,0.00106
36035,0.01025,8.57E-04
36045,0.01268,8.86E-04
36055,0.00988,8.00E-04
36065,0.01256,6.86E-04
36075,0.01256,0.00103
36085,0.01073,0.00106
36095,0.01232,0.001
36105,0.01037,0.00106
36115,0.01171,0.001
36125,0.01244,8.86E-04
36135,0.00976,4.57E-04
36145,0.01037,9.43E-04
36155,0.01183,9.43E-04
36165,0.01037,7.43E-04
36175,0.01342,9.43E-04
36185,0.01256,0.001
36195,0.01451,7.43E-04
36205,0.01073,7.15E-04
36215,0.00939,6.86E-04
36225,0.00976,9.72E-04
36235,0.01305,6.86E-04
36245,0.01183,7.43E-04
36255,0.01134,8.00E-04
36265,0.01086,4.86E-04
36275,0.01098,7.72E-04
36285,0.01208,7.43E-04
36295,0.01122,8.29E-04
36305,0.01061,7.43E-04
36315,0.01073,6.86E-04
36325,0.01134,8.57E-04
36335,0.01305,8.86E-04
36345,0.01195,9.43E-04
36355,0.01049,6.86E-04
36365,0.01268,0.00111
36375,0.01159,6.86E-04
36385,0.01183,8.86E-04
36395,0.00854,7.43E-04
36405,0.00781,7.15E-04
36415,0.01061,6.57E-04
36425,0.01086,9.43E-04
36435,0.01317,7.15E-04
36445,0.01049,6.57E-04
36455,0.00976,7.43E-04
36465,0.01134,7.72E-04
36475,0.01049,7.43E-04
36485,0.01354,9.15E-04
36495,0.00988,7.15E-04
36505,0.0122,9.15E-04
36515,0.01073,6.57E-04
36525,0.01037,6.86E-04
36535,0.0111,0.00106
36545,0.01317,8.29E-04
36555,0.00915,7.72E-04
36565,0.01012,6.57E-04
36575,0.00878,0.00103
36585,0.01073,0.00106
36595,0.01195,8.57E-04
36605,0.01037,8.29E-04
36615,0.01061,4.29E-04
36625,0.00915,7.43E-04
36635,0.01025,9.43E-04
36645,0.00976,7.43E-04
36655,0.01134,6.57E-04
36665,0.01098,7.72E-04
36675,0.01256,9.15E-04
36685,0.01122,8.29E-04
36695,0.00964,9.72E-04
36705,0.00915,0.00103
36715,0.01049,8.29E-04
36725,0.0089,9.15E-04
36735,0.00988,5.72E-04
36745,0.01159,8.57E-04
36755,0.01012,9.43E-04
36765,0.01281,6.57E-04
36775,0.01086,8.86E-04
36785,0.01305,8.00E-04
36795,0.01073,6.00E-04
36805,0.00988,6.57E-04
36815,0.00951,8.29E-04
36825,0.00903,4.29E-04
36835,0.01159,5.14E-04
36845,0.01147,0.00117
36855,0.00964,9.43E-04
36865,0.00878,6.00E-04
36875,0.00878,7.72E-04
36885,0.01073,8.00E-04
36895,0.00805,5.72E-04
36905,0.01147,8.57E-04
36915,0.00951,0.00103
36925,0.00878,8.29E-04
36935,0.00854,6.29E-04
36945,0.01147,7.15E-04
36955,0.00988,8.57E-04
36965,0.01,6.86E-04
36975,0.00817,5.43E-04
36985,0.01012,8.86E-04
36995,0.01025,9.15E-04
37005,0.01037,4.86E-04
37015,0.01037,7.43E-04
37025,0.01025,6.86E-04
37035,0.0089,8.57E-04
37045,0.00817,0.00114
37055,0.00805,7.15E-04
37065,0.01,7.15E-04
37075,0.0089,8.86E-04
37085,0.01037,6.57E-04
37095,0.01,8.29E-04
37105,0.01,8.00E-04
37115,0.00854,7.43E-04
37125,0.00964,6.86E-04
37135,0.00866,9.43E-04
37145,0.01049,6.86E-04
37155,0.0089,7.15E-04
37165,0.00903,6.00E-04
37175,0.00805,9.43E-04
37185,0.0111,5.72E-04
37195,0.00976,0.001
37205,0.00817,7.43E-04
37215,0.01,6.86E-04
37225,0.00768,6.86E-04
37235,0.00951,6.00E-04
37245,0.00988,5.72E-04
37255,0.00988,5.14E-04
37265,0.00866,7.43E-04
37275,0.00744,5.43E-04
37285,0.00927,7.15E-04
37295,0.00988,7.72E-04
37305,0.00903,3.43E-04
37315,0.00793,6.29E-04
37325,0.00842,7.72E-04
37335,0.00854,6.29E-04
37345,0.00915,6.57E-04
37355,0.00817,7.43E-04
37365,0.00793,5.72E-04
37375,0.00781,6.86E-04
37385,0.00732,4.29E-04
37395,0.01012,9.15E-04
37405,0.0072,7.43E-04
37415,0.00927,9.43E-04
37425,0.00866,7.72E-04
37435,0.00976,6.29E-04
37445,0.00817,4.86E-04
37455,0.00915,6.57E-04
37465,0.00732,3.43E-04
37475,0.00817,7.72E-04
37485,0.00744,6.29E-04
37495,0.00683,6.86E-04
37505,0.00671,5.14E-04
37515,0.01073,8.00E-04
37525,0.01049,7.15E-04
37535,0.01012,6.29E-04
37545,0.00915,5.43E-04
37555,0.00793,7.72E-04
37565,0.00842,5.43E-04
37575,0.00732,4.57E-04
37585,0.00732,8.00E-04
37595,0.0089,8.57E-04
37605,0.00793,6.00E-04
37615,0.00866,3.72E-04
37625,0.00781,4.57E-04
37635,0.00988,3.43E-04
37645,0.00988,5.43E-04
37655,0.00817,6.29E-04
37665,0.00988,7.43E-04
37675,0.00915,6.29E-04
37685,0.00671,7.72E-04
37695,0.00829,6.00E-04
37705,0.00768,8.00E-04
37715,0.0089,5.14E-04
37725,0.01134,3.72E-04
37735,0.00683,4.29E-04
37745,0.00768,5.43E-04
37755,0.00756,6.00E-04
37765,0.00732,6.00E-04
37775,0.00793,6.00E-04
37785,0.00671,6.00E-04
37795,0.00927,5.72E-04
37805,0.00756,5.14E-04
37815,0.00793,7.43E-04
37825,0.00549,8.57E-04
37835,0.00671,4.00E-04
37845,0.00756,7.72E-04
37855,0.0089,3.14E-04
37865,0.00756,8.57E-04
37875,0.0089,6.29E-04
37885,0.00817,4.57E-04
37895,0.00829,6.00E-04
37905,0.00842,8.00E-04
37915,0.00793,5.43E-04
37925,0.00744,5.14E-04
37935,0.00707,5.14E-04
37945,0.00878,6.29E-04
37955,0.00866,9.43E-04
37965,0.00683,5.14E-04
37975,0.00756,7.15E-04
37985,0.00707,4.00E-04
37995,0.00598,3.43E-04
38005,0.00793,7.15E-04
38015,0.00671,6.29E-04
38025,0.00866,3.72E-04
38035,0.00854,4.00E-04
38045,0.00707,5.72E-04
38055,0.00829,5.43E-04
38065,0.00622,6.29E-04
38075,0.00549,8.29E-04
38085,0.00817,4.86E-04
38095,0.00781,6.29E-04
38105,0.00598,6.29E-04
38115,0.00854,4.00E-04
38125,0.0072,5.72E-04
38135,0.0072,4.00E-04
38145,0.00768,4.00E-04
38155,0.00768,4.57E-04
38165,0.00683,3.43E-04
38175,0.00573,7.15E-04
38185,0.00756,4.86E-04
38195,0.00561,5.14E-04
38205,0.00573,6.00E-04
38215,0.00695,6.57E-04
38225,0.00768,6.29E-04
38235,0.00549,3.72E-04
38245,0.00732,5.43E-04
38255,0.00695,3.72E-04
38265,0.00683,5.72E-04
38275,0.00671,4.57E-04
38285,0.00854,3.14E-04
38295,0.00866,6.00E-04
38305,0.00768,6.29E-04
38315,0.00671,6.29E-04
38325,0.00622,7.15E-04
38335,0.00573,3.43E-04
38345,0.00622,4.57E-04
38355,0.00634,4.29E-04
38365,0.00768,3.43E-04
38375,0.00707,3.14E-04
38385,0.00598,5.14E-04
38395,0.00537,4.86E-04
38405,0.00793,6.86E-04
38415,0.00598,4.29E-04
38425,0.00695,6.00E-04
38435,0.00524,4.00E-04
38445,0.0061,2.57E-04
38455,0.00744,6.86E-04
38465,0.00671,5.14E-04
38475,0.00598,5.14E-04
38485,0.00451,4.00E-04
38495,0.00622,7.72E-04
38505,0.00646,6.00E-04
38515,0.00622,3.43E-04
38525,0.00549,4.00E-04
38535,0.00683,3.43E-04
38545,0.00671,6.86E-04
38555,0.0061,5.72E-04
38565,0.00671,8.57E-04
38575,0.00598,4.86E-04
38585,0.00561,6.57E-04
38595,0.00768,4.00E-04
38605,0.00598,4.86E-04
38615,0.00463,5.43E-04
38625,0.00561,3.14E-04
38635,0.0061,4.57E-04
38645,0.00561,5.14E-04
38655,0.00768,6.86E-04
38665,0.00598,6.29E-04
38675,0.00573,6.86E-04
38685,0.00646,4.86E-04
38695,0.00622,6.57E-04
38705,0.005,5.14E-04
38715,0.00524,4.86E-04
38725,0.00524,4.57E-04
38735,0.00671,5.43E-04
38745,0.00683,5.14E-04
38755,0.0072,5.14E-04
38765,0.0061,3.72E-04
38775,0.00622,5.14E-04
38785,0.0039,5.43E-04
38795,0.00537,4.86E-04
38805,0.00622,4.00E-04
38815,0.00598,5.72E-04
38825,0.00634,3.43E-04
38835,0.00683,3.43E-04
38845,0.00646,5.72E-04
38855,0.00451,5.14E-04
38865,0.00439,4.57E-04
38875,0.00622,6.00E-04
38885,0.00585,3.14E-04
38895,0.00488,4.00E-04
38905,0.00512,4.86E-04
38915,0.00512,5.43E-04
38925,0.00537,4.29E-04
38935,0.00537,4.86E-04
38945,0.00634,7.43E-04
38955,0.00476,3.72E-04
38965,0.00317,6.29E-04
38975,0.00549,6.57E-04
38985,0.00561,3.43E-04
38995,0.00463,4.00E-04
39005,0.00622,4.57E-04
39015,0.00573,4.00E-04
39025,0.00524,7.15E-04
39035,0.00537,4.86E-04
39045,0.00537,4.86E-04
39055,0.00403,2.86E-04
39065,0.00573,2.86E-04
39075,0.00463,4.86E-04
39085,0.00451,3.43E-04
39095,0.00671,4.57E-04
39105,0.00671,5.14E-04
39115,0.00537,2.86E-04
39125,0.00488,3.72E-04
39135,0.00549,4.29E-04
39145,0.00463,4.86E-04
39155,0.00415,5.43E-04
39165,0.00354,2.00E-04
39175,0.00415,4.00E-04
39185,0.00451,1.71E-04
39195,0.00561,2.57E-04
39205,0.005,2.57E-04
39215,0.00549,7.15E-04
39225,0.00451,5.43E-04
39235,0.00695,4.00E-04
39245,0.00488,3.14E-04
39255,0.00366,5.72E-04
39265,0.00476,2.57E-04
39275,0.0039,3.43E-04
39285,0.00415,4.57E-04
39295,0.00439,5.43E-04
39305,0.005,3.72E-04
39315,0.00403,3.43E-04
39325,0.00378,4.57E-04
39335,0.00403,3.14E-04
39345,0.00378,4.86E-04
39355,0.00439,3.72E-04
39365,0.00415,2.86E-04
39375,0.00463,5.14E-04
39385,0.00585,2.86E-04
39395,0.00451,2.57E-04
39405,0.00403,3.43E-04
39415,0.00378,5.72E-04
39425,0.00561,3.43E-04
39435,0.00463,3.43E-04
39445,0.005,4.57E-04
39455,0.00439,6.29E-04
39465,0.005,5.72E-04
39475,0.005,3.72E-04
39485,0.0039,2.00E-04
39495,0.00427,3.72E-04
39505,0.00463,3.43E-04
39515,0.00463,4.86E-04
39525,0.00476,2.57E-04
39535,0.00366,4.00E-04
39545,0.00524,3.43E-04
39555,0.00329,4.29E-04
39565,0.00488,3.72E-04
39575,0.00512,4.00E-04
39585,0.00354,2.86E-04
39595,0.00439,3.72E-04
39605,0.005,2.57E-04
39615,0.00293,2.57E-04
39625,0.00451,3.14E-04
39635,0.00378,3.14E-04
39645,0.00354,2.86E-04
39655,0.00439,5.72E-04
39665,0.00476,4.00E-04
39675,0.005,4.29E-04
39685,0.00342,3.72E-04
39695,0.00329,4.00E-04
39705,0.00317,3.43E-04
39715,0.00281,2.29E-04
39725,0.005,2.29E-04
39735,0.00463,4.86E-04
39745,0.0022,4.86E-04
39755,0.00463,4.86E-04
39765,0.00463,3.14E-04
39775,0.00573,4.57E-04
39785,0.00427,3.14E-04
39795,0.00366,4.00E-04
39805,0.00439,2.00E-04
39815,0.00378,2.57E-04
39825,0.00439,4.29E-04
39835,0.00427,3.72E-04
39845,0.00366,4.29E-04
39855,0.00366,3.14E-04
39865,0.005,5.14E-04
39875,0.00354,3.43E-04
39885,0.00354,2.57E-04
39895,0.00329,3.14E-04
39905,0.00439,2.29E-04
39915,0.00378,4.29E-04
39925,0.00378,4.00E-04
39935,0.00329,3.14E-04
39945,0.00378,2.29E-04
39955,0.00427,3.14E-04
39965,0.00329,3.14E-04
39975,0.00403,3.43E-04
39985,0.00476,3.14E-04
39995,0.00378,2.86E-04
